HGNC Symbol	2019 paper	Ensembl	MGI	2011 paper	Sum
39326	true	false	false	false	1
AATBC	true	false	false	false	1
ABCB10	true	false	false	false	1
ABCC12	true	false	false	false	1
ABCC6	true	false	false	false	1
ABCD1P2	true	false	false	false	1
ABCD1P5	true	false	false	false	1
ABCD4	true	false	false	false	1
ABHD17A	true	false	false	false	1
ABHD17AP1	true	false	false	false	1
AC005042.4	true	false	false	false	1
AC005488.11	true	false	false	false	1
AC008132.13	true	false	false	false	1
AC008132.15	true	false	false	false	1
AC026271.5	true	false	false	false	1
AC027612.6	true	false	false	false	1
AC062028.1	true	false	false	false	1
AC083899.3	true	false	false	false	1
AC096670.3	true	false	false	false	1
AC111200.7	true	false	false	false	1
AC129778.2	true	false	false	false	1
AC138969.4	true	false	false	false	1
ACTR3B	true	false	false	false	1
ACVR1C	true	false	false	false	1
ADARB1	true	false	false	false	1
ADORA2A-AS1	true	false	false	false	1
AFF3	true	false	false	false	1
AGAP1	true	false	false	false	1
AGR3	true	false	false	false	1
AGT	true	false	false	false	1
AH9	true	false	false	false	1
AHRR	true	false	false	false	1
AL592528.1	true	false	false	false	1
AL772307.1	true	false	false	false	1
ALOX5	true	false	false	false	1
AMY1A	true	true	true	false	3
AMY1B	true	true	false	false	2
AMY2A	true	true	false	false	2
AMY2B	true	true	false	false	2
ANAPC1	true	false	false	false	1
ANGPTL5	true	true	true	false	3
ANKRD20A2P	true	false	false	false	1
ANKRD20A4P	true	false	false	false	1
ANKRD30A	true	true	true	false	3
ANKRD30BL	true	true	true	false	3
ANKRD30BP1	true	false	false	false	1
ANKRD62P1-PARP4P3	true	false	false	false	1
ANXA8L1	true	false	false	false	1
APEH	true	false	false	false	1
APOE	true	false	false	false	1
APOL1	true	false	false	false	1
APPBP2	true	false	false	false	1
AQP12B	true	false	false	false	1
AQP7	true	false	false	false	1
AQP7P1	true	false	false	false	1
AQP7P2	true	false	false	false	1
AQP7P4	true	false	false	false	1
AR	true	false	false	false	1
AREG	true	false	false	false	1
ARHGAP11A	true	false	false	false	1
ARHGAP11B	true	false	false	false	1
ARHGAP15	true	false	false	false	1
ARHGAP42	true	false	false	false	1
ARHGEF34P	true	false	false	false	1
ARHGEF35	true	true	true	false	3
ARHGEF5	true	false	false	false	1
ARL17A	true	false	true	false	2
ARMC10P1	true	false	false	false	1
ASPM	true	false	false	false	1
ATP9B	true	false	false	false	1
BAGE2	true	false	false	false	1
BAZ2A	true	true	false	false	2
BCRP7	true	false	false	false	1
BMPR1A	true	false	false	false	1
BOLA2	true	false	false	false	1
BOLL	true	false	false	false	1
BPIFA4P	true	false	false	false	1
BTNL10	true	false	false	false	1
BTNL2	true	false	false	false	1
BX255923.2	true	false	false	false	1
BZW1P2	true	false	false	false	1
C11orf80	true	false	false	false	1
LINC02897	true	false	false	false	1
MIR9-1HG	true	false	false	false	1
C20orf203	true	true	true	false	3
C21orf62-AS1	true	false	false	false	1
C2orf27A	true	false	false	false	1
CDRT15P10	true	false	false	false	1
CDRT15P5	true	false	false	false	1
CDRT15P14	true	false	false	false	1
CDRT15P3	true	false	false	false	1
C2orf78	true	false	false	false	1
C3orf36	true	false	false	false	1
CAPN1	true	false	false	false	1
CAPN10	true	false	false	false	1
KNL1	true	false	false	false	1
CASP12	true	false	false	false	1
CATSPER2	true	false	false	false	1
CBWD1	true	true	false	false	2
CBWD2	true	true	false	false	2
CBWD3	true	false	false	false	1
CBWD5	true	false	false	false	1
CBWD6	true	false	false	false	1
SGF29	true	false	false	false	1
CCDC127	true	false	false	false	1
CCDC74B	true	false	false	false	1
CCKAR	true	false	false	false	1
CCL18	true	false	false	false	1
CCL23	true	false	false	false	1
CCL4L1	true	true	false	false	2
CCT8L2	true	false	false	false	1
CCZ1B	true	false	false	false	1
CD24	true	false	false	false	1
CD33	true	false	false	false	1
CD44	true	false	false	false	1
CD8B	true	false	false	false	1
CD96	true	false	false	false	1
CDH12	true	false	false	false	1
CDK5RAP2	true	false	false	false	1
CDRT15P1	true	false	false	false	1
CELSR2	true	false	false	false	1
CEP170	true	false	false	false	1
CEP170P1	true	false	false	false	1
CES5AP1	true	false	false	false	1
CFAP99	true	false	false	true	2
CFC1	true	false	false	false	1
CFC1B	true	false	false	false	1
CHRFAM7A	true	false	false	false	1
CHRM3	true	false	false	false	1
CHRNA7	true	false	false	false	1
CLEC10A	true	false	false	false	1
CLLU1	true	false	false	true	2
CLTCL1	true	true	true	false	3
CMAHP	true	false	false	false	1
CNTNAP2	true	false	false	false	1
COMMD4	true	false	false	false	1
COPS7B	true	false	false	false	1
CORO1A	true	false	false	false	1
CRHR1	true	false	false	false	1
CROCC	true	false	false	false	1
CROCCP2	true	false	false	false	1
CSA7	true	false	false	false	1
CSAG1	true	true	true	false	3
CSH2	true	false	false	false	1
CSPG4	true	false	false	false	1
CT45A1	true	false	false	false	1
CT45A2	true	false	false	false	1
CT45A3	true	false	false	false	1
CTA-313A17.2	true	false	false	false	1
CTA-373H7.7	true	false	false	false	1
CTAGE15	true	false	true	false	2
CTAGE16P	true	false	false	false	1
CTD-2514C3.1	true	false	false	false	1
CTD-2561J22.2	true	false	false	false	1
EOLA1	true	false	false	false	1
EOLA2	true	false	false	false	1
CXorf49B	true	false	false	false	1
CYP3A5	true	false	false	false	1
DDR2	true	false	false	false	1
DDX11	true	false	false	false	1
DDX11L1	true	false	false	false	1
DDX11L10	true	false	false	false	1
DDX11L16	true	false	false	false	1
DDX11L2	true	false	false	false	1
DDX11L5	true	false	false	false	1
DDX11L8	true	false	false	false	1
DDX11L9	true	false	false	false	1
DDX12P	true	false	false	false	1
DDX54	true	false	false	false	1
DEFA1B	true	false	false	false	1
DEFA3	true	false	false	false	1
DEFA4	true	false	false	false	1
DEFA5	true	false	false	false	1
DEFA6	true	false	false	false	1
DEFB103B	true	false	false	false	1
DEFB104A	true	false	true	false	2
DEFB104B	true	false	true	false	2
DEFB105A	true	false	false	false	1
DEFB106A	true	true	false	false	2
DEFB109B	true	false	false	false	1
DEFB114	true	true	true	false	3
DEFB130A	true	false	false	false	1
DEFB132	true	false	true	false	2
DEFB4B	true	true	false	false	2
DGCR6L	true	false	false	false	1
DHFRP1	true	false	false	false	1
DHRS4L2	true	false	false	false	1
DIXDC1	true	false	false	false	1
DMRTC1B	true	true	false	false	2
DNAH10OS	true	true	true	true	4
DNM1P46	true	false	false	false	1
DOC2GP	true	false	false	false	1
DPY19L2	true	false	false	false	1
DRD5	true	false	false	false	1
DRD5P2	true	false	false	false	1
DSG3	true	true	false	false	2
DUSP22	true	false	false	false	1
DUSP7	true	false	false	false	1
DYNC1I2	true	false	false	false	1
E2F6	true	false	false	false	1
EBF1	true	false	false	false	1
ECHDC3	true	false	false	false	1
EIF1AY	true	true	false	false	2
EIF2S2P4	true	false	false	false	1
EIF3A	true	false	false	false	1
EIF3CL	true	false	false	false	1
ELN	true	false	false	false	1
ADGRE4P	true	false	false	false	1
ER9	true	false	false	false	1
ERCC5	true	false	false	false	1
ESPN	true	false	false	false	1
F8A2	true	false	false	false	1
F8A3	true	false	false	false	1
FA136B1	true	false	false	false	1
FA136B2	true	false	false	false	1
FAM133CP	true	false	false	false	1
FAM153A	true	true	true	false	3
FAM156A	true	false	false	false	1
FAM182B	true	false	false	false	1
WASHC2A	true	false	false	false	1
FAM228A	true	false	false	false	1
FAM230B	true	false	false	false	1
FAM25G	true	false	false	false	1
FAM27E5	true	false	false	false	1
SHLD2P3	true	false	false	false	1
FAM3C	true	false	false	false	1
FAM3C2P	true	false	false	false	1
FAM66B	true	false	false	false	1
FAM72A	true	false	false	false	1
FAM72B	true	false	false	false	1
FAM72C	true	false	false	false	1
FAM72D	true	false	false	false	1
FAM74A1	true	false	false	false	1
FAM90A14	true	false	false	false	1
FAM90A22	true	false	false	false	1
FAM90A2P	true	false	false	false	1
FAM90A5P	true	false	false	false	1
FAM95B1	true	false	false	false	1
FANK1	true	false	false	false	1
FBXO25	true	false	false	false	1
FCGR1A	true	false	false	false	1
FCGR1BP	true	false	false	false	1
FCGR2B	true	false	false	false	1
FCGR2C	true	false	true	false	2
FCGR3A	true	false	false	false	1
FCGR3B	true	false	false	false	1
FGF7	true	false	false	false	1
FGF7P2	true	false	false	false	1
FKBP6	true	false	false	false	1
FKBP9	true	false	false	false	1
FKBP9P1	true	false	false	false	1
LINC02076	true	false	false	false	1
FMNL1	true	false	false	false	1
FMO2	true	false	false	false	1
FOLH1B	true	false	false	false	1
FOXD4	true	false	false	false	1
FOXD4L4	true	false	false	false	1
FOXD4L5	true	false	false	false	1
FOXP2	true	false	false	false	1
FOXS1	true	false	false	false	1
FR7B	true	false	false	false	1
FRMPD2	true	false	false	false	1
FRMPD2B	true	false	false	false	1
FUT8	true	false	false	false	1
FXYD2	true	false	false	false	1
FZD8	true	false	false	false	1
GADD45G	true	false	false	false	1
GAGE1	true	true	true	false	3
GAGE10	true	true	true	false	3
GAGE12E	true	true	true	false	3
GAGE2A	true	true	true	false	3
GALNT10	true	false	false	false	1
GALT	true	false	false	false	1
CASTOR3	true	true	false	false	2
GBX2	true	false	false	false	1
GG19P	true	false	false	false	1
GGT2	true	false	false	false	1
GGTLC2	true	false	false	false	1
GH2	true	false	false	false	1
CBLIF	true	false	false	false	1
GKAP1	true	false	false	false	1
GLG1	true	false	false	false	1
GLI2	true	false	false	false	1
GLRA1	true	false	false	false	1
GLRA4	true	false	false	false	1
GLUD2	true	true	false	false	2
GNB5	true	false	false	false	1
GOLGA6L10	true	true	true	false	3
GOLGA8A	true	false	false	false	1
GOLGA8B	true	false	false	false	1
GOLGA8EP	true	false	false	false	1
GOLGA8F	true	false	true	false	2
GOLGA8G	true	false	true	false	2
ADGRF5	true	false	false	false	1
GPR33	true	false	false	false	1
GPR39	true	false	false	false	1
GPR42	true	false	false	false	1
ADGRG1	true	false	false	false	1
GPR89A	true	false	false	false	1
GPRIN2	true	false	false	false	1
GR13	true	false	false	false	1
GRAP	true	false	false	false	1
GRAPL	true	false	false	false	1
GRIN2C	true	false	false	false	1
GRIN3A	true	false	false	false	1
GSTT2B	true	false	false	false	1
GTF2H2	true	false	false	false	1
GTF2H2B	true	false	false	false	1
GTF2H2C	true	false	false	false	1
GTF2I	true	false	false	false	1
GTF2IP1	true	false	false	false	1
GTF2IRD2	true	false	false	false	1
GTF2IRD2P1	true	false	false	false	1
GTF3C2	true	false	false	false	1
GTF3C5	true	false	false	false	1
GUSBP2	true	false	false	false	1
GYPA	true	false	false	false	1
GYPB	true	false	false	false	1
GYPC	true	false	false	false	1
GYPE	true	false	false	false	1
GZMA	true	false	false	false	1
HAND1	true	false	false	false	1
HAR1A	true	false	false	false	1
HAR1B	true	false	false	false	1
HCP5	true	false	false	false	1
HERC2	true	false	false	false	1
HGS	true	false	false	false	1
HIC2	true	false	false	false	1
H2AC19	true	true	false	false	2
H2BC18	true	false	false	false	1
H3C15	true	false	true	false	2
H3C14	true	true	true	false	3
H4C14	true	true	true	false	3
H4C15	true	false	false	false	1
HNRNPCP2	true	false	false	false	1
HR	true	false	false	false	1
HRH1	true	false	false	false	1
HS6ST1P1	true	false	false	false	1
HTR3E	true	true	true	false	3
HYDIN	true	false	false	false	1
HYDIN2	true	false	false	false	1
ICAM1	true	false	false	false	1
IFNL1	true	true	false	false	2
IGKV1-13	true	false	false	false	1
IGKV2-26	true	false	false	false	1
IGKV2-4	true	false	false	false	1
IGKV2D-10	true	false	false	false	1
IL26	true	true	true	false	3
IL9R	true	false	false	false	1
JAM3	true	false	false	false	1
KANK1	true	false	false	false	1
KANSL1	true	false	false	false	1
KCTD5	true	false	false	false	1
PCLAF	true	false	false	false	1
FAM30A	true	false	false	false	1
KIAA0319L	true	false	false	false	1
KIF18A	true	false	false	false	1
KIF26B	true	false	false	false	1
KIR3DL1	true	false	false	false	1
KIRREL1	true	false	false	false	1
KITLG	true	false	false	false	1
KLHL24	true	false	false	false	1
KMT2C	true	false	false	false	1
KRT16	true	false	false	false	1
KRT17	true	false	false	false	1
KRT17P4	true	false	false	false	1
KRT17P7	true	false	false	false	1
KRT41P	true	false	false	false	1
KRTAP5-6	true	false	false	false	1
LCT	true	false	false	false	1
LEPR	true	false	false	false	1
LGALS9B	true	true	false	false	2
LILRB3	true	false	false	false	1
CYTOR	true	false	false	false	1
LINC00240	true	false	false	false	1
LINC00266-1	true	false	false	false	1
LINC00266-3	true	false	false	false	1
LINC00314	true	false	false	false	1
ANKRD40CL	true	false	false	true	2
LINC00523	true	false	false	true	2
LINC00632	true	false	false	false	1
LINC00680	true	false	false	false	1
LINC00955	true	false	false	false	1
LINC01102	true	false	false	false	1
LMAN1L	true	false	false	false	1
LRPAP1	true	false	false	false	1
LRRC37A	true	false	true	false	2
LRRC37A3	true	false	true	false	2
LRRC37A4P	true	false	false	false	1
LRRC58	true	false	false	false	1
LYPD1	true	false	false	false	1
MAGEA3	true	true	false	false	2
MAL2	true	false	false	false	1
MALL	true	false	false	false	1
MAOA	true	false	false	false	1
MAPT	true	false	false	false	1
MCPH1	true	false	false	false	1
MEP1A	true	true	false	false	2
METTL15P1	true	false	false	false	1
MI1748-1	true	false	false	false	1
MI1748-2	true	false	false	false	1
MI1779	true	false	false	false	1
MI1790	true	false	false	false	1
MICA	true	true	false	false	2
MIR1229	true	false	false	false	1
MIR1302-10	true	false	false	false	1
MIR1302-11	true	false	false	false	1
MIR1302-2	true	false	false	false	1
MIR1537	true	false	false	false	1
MIR3136	true	false	false	false	1
MIR3911	true	false	false	false	1
MIR4322	true	false	false	false	1
MIR4465	true	false	false	false	1
MIR4487	true	false	false	false	1
MIR4530	true	false	false	false	1
MIR4649	true	false	false	false	1
MIR466	true	false	false	false	1
MIR4739	true	false	false	false	1
MIR4781	true	false	false	false	1
MIR4804	true	false	false	false	1
MIR5095	true	false	false	false	1
MIR572	true	false	false	false	1
MIR941-1	true	false	false	false	1
MIR941-2	true	false	false	false	1
MIR941-4	true	false	false	false	1
MIR941-5	true	false	false	false	1
MMP23A	true	false	false	false	1
MOXD2P	true	false	false	false	1
MPPE1	true	false	false	false	1
MRC1	true	false	false	false	1
MRGPRG	true	false	false	false	1
MRGPRG-AS1	true	false	false	false	1
MSI2	true	false	false	false	1
MST1	true	false	false	false	1
MST1L	true	false	false	false	1
MST1P2	true	false	false	false	1
MUC19	true	true	false	false	2
MUC20	true	false	false	false	1
MYCNOS	true	false	false	false	1
MYEOV	true	true	true	false	3
MYH16	true	false	false	false	1
MYLK2	true	false	false	false	1
MYO7B	true	false	false	false	1
NAIP	true	true	false	false	2
NANOGP8	true	false	false	false	1
NARF	true	false	false	false	1
NAT1	true	true	false	false	2
NBEA	true	false	false	false	1
NBPF1	true	true	true	false	3
NBPF10	true	true	true	false	3
NBPF12	true	true	true	false	3
NBPF14	true	true	true	false	3
NBPF15	true	true	true	false	3
NBPF17P	true	false	false	false	1
NBPF3	true	true	true	false	3
NBPF8	true	false	false	false	1
NCF1	true	false	false	false	1
NCF1B	true	false	false	false	1
NCF1C	true	false	false	false	1
NCKAP5	true	false	false	false	1
NEK2	true	false	false	false	1
NEMF	true	false	false	false	1
NLGN4X	true	true	false	false	2
NLN	true	false	false	false	1
NOMO3	true	false	false	false	1
NOTCH2NLA	true	true	true	false	3
NPAS3	true	false	false	false	1
NPIPA1	true	true	true	false	3
NPIPB11	true	true	true	false	3
NPIPB3	true	true	true	false	3
NPIPB9	true	true	true	false	3
NR1H2	true	false	false	false	1
NRXN3	true	false	false	false	1
NSF	true	false	false	false	1
NSUN5	true	false	false	false	1
NSUN5P1	true	false	false	false	1
NSUN5P2	true	false	false	false	1
NUDT4	true	false	false	false	1
NUTM2A	true	false	true	false	2
NUTM2B	true	false	false	false	1
NUTM2D	true	false	false	false	1
OBSCN	true	false	false	false	1
OCLN	true	false	false	false	1
OCM	true	false	false	false	1
OPHN1	true	false	false	false	1
OPN1MW	true	false	true	false	2
OPRM1	true	false	false	false	1
OR10A2	true	false	false	false	1
OR10AC1	true	true	false	false	2
OR10D1P	true	false	false	false	1
OR10J4	true	true	true	false	3
OR10J8P	true	false	false	false	1
OR10R3P	true	false	false	false	1
OR10T1P	true	false	false	false	1
OR11H1	true	true	true	false	3
OR11H13P	true	false	false	false	1
OR11H5P	true	false	false	false	1
OR11H7	true	false	false	false	1
OR12D1	true	true	false	false	2
OR13D2P	true	false	false	false	1
OR1S1	true	false	false	false	1
OR2A13P	true	false	false	false	1
OR2A20P	true	false	false	false	1
OR2A4	true	false	false	false	1
OR2A42	true	false	false	false	1
OR2A5	true	false	false	false	1
OR2A7	true	false	false	false	1
OR2A9P	true	false	false	false	1
OR2T5	true	false	false	false	1
OR2T7	true	true	true	false	3
OR2W3	true	false	false	false	1
OR4A5	true	false	false	false	1
OR4C13	true	false	false	false	1
OR4C1P	true	false	false	false	1
OR4C46	true	false	false	false	1
OR4F16	true	false	true	false	2
OR4F17	true	false	true	false	2
OR4F21	true	false	false	false	1
OR4F3	true	false	true	false	2
OR4F4	true	false	false	false	1
OR4F5	true	false	true	false	2
OR4K3	true	true	true	false	3
OR4L1	true	false	false	false	1
OR4M1	true	false	false	false	1
OR4M2	true	false	false	false	1
OR4N2	true	true	false	false	2
OR4N4	true	false	true	false	2
OR4Q3	true	false	false	false	1
OR51A5P	true	false	false	false	1
OR51A8P	true	false	false	false	1
OR51J1	true	true	false	false	2
OR51P1P	true	false	false	false	1
OR52E2	true	false	false	false	1
OR52E3P	true	false	false	false	1
OR52J3	true	false	false	false	1
OR52P2P	true	false	false	false	1
OR5AL1	true	false	false	false	1
OR5AL2P	true	false	false	false	1
OR5AN2P	true	false	false	false	1
OR5B12	true	false	false	false	1
OR5H8	true	false	false	false	1
OR5J1P	true	false	false	false	1
OR5L2	true	false	false	false	1
OR6B3	true	false	false	false	1
OR6D1P	true	false	false	false	1
OR6K4P	true	false	false	false	1
OR6W1P	true	false	false	false	1
OR7D4	true	false	false	false	1
OR7E102P	true	false	false	false	1
OR7E91P	true	false	false	false	1
OR9M1P	true	false	false	false	1
OR9Q1	true	false	false	false	1
OTOP1	true	false	false	false	1
OTUD7A	true	false	false	false	1
OXGR1	true	false	false	false	1
PAIP1	true	false	false	false	1
PAK2	true	false	false	false	1
PARG	true	false	false	false	1
PARP4	true	false	false	false	1
PBOV1	true	true	true	false	3
PCD8X	true	false	false	false	1
PCD8Y	true	false	false	false	1
PCDH15	true	false	false	false	1
PCDHA2	true	false	false	false	1
PCDHA5	true	false	false	false	1
PCDHB10	true	false	false	false	1
PCDHB11	true	false	false	false	1
PCDHB12	true	false	false	false	1
PCDHB13	true	false	false	false	1
PCDHB14	true	false	false	false	1
PCDHB15	true	false	false	false	1
PCDHB6	true	false	false	false	1
PDCD4	true	false	false	false	1
PDCD6	true	false	false	false	1
PDE4DIP	true	false	false	false	1
PDGFD	true	false	false	false	1
PDPR	true	false	false	false	1
PDZD3	true	false	false	false	1
PDZK1P1	true	false	false	false	1
PGA5	true	true	false	false	2
PGAM1P10	true	false	false	false	1
PHC1P1	true	false	false	false	1
PI4KA	true	false	false	false	1
PI4KAP2	true	false	false	false	1
PKD1	true	false	false	false	1
PLEKHA3	true	false	false	false	1
PLEKHM1	true	false	false	false	1
PLEKHM1P1	true	false	false	false	1
PLGLB1	true	false	true	false	2
PMCHL2	true	false	false	false	1
PMP2	true	false	false	false	1
PMS2P5	true	false	false	false	1
POLR2J2	true	true	true	false	3
POM121	true	false	false	false	1
POM121B	true	false	false	false	1
POM121L1P	true	false	false	false	1
POM121L4P	true	false	false	false	1
POMZP3	true	false	false	false	1
PON1	true	false	false	false	1
PPARG	true	false	false	false	1
PPIP5K1	true	false	false	false	1
PPIP5K2	true	false	false	false	1
PPP1R12B	true	false	false	false	1
PRAME	true	true	false	false	2
PRAMEF25	true	false	true	false	2
PRDM2	true	false	false	false	1
PRIM2	true	false	false	false	1
PRKCB	true	false	false	false	1
PRKCH	true	false	false	false	1
PRKDC	true	false	false	false	1
PRM2	true	false	false	false	1
PRR20B	true	true	true	false	3
PTPN1	true	false	false	false	1
PTPN20	true	false	false	false	1
PVRIG	true	false	false	false	1
RAB21	true	false	false	false	1
RAB3A	true	false	false	false	1
RAB3B	true	false	false	false	1
RAB3IP	true	false	false	false	1
RAB6C	true	true	true	false	3
RANBP2	true	false	false	false	1
RASA4	true	false	false	false	1
RB13A	true	false	false	false	1
RB1CC1	true	false	false	false	1
RBM39	true	false	false	false	1
RFPL4A	true	false	false	false	1
RGPD2	true	true	false	false	2
RGPD3	true	true	false	false	2
RGPD5	true	true	true	false	3
RGPD6	true	true	false	false	2
RGPD8	true	true	false	false	2
RGS6	true	false	false	false	1
RIBC2	true	false	false	false	1
RIIAD1	true	false	false	false	1
RIMBP3B	true	false	false	false	1
RIMBP3C	true	false	false	false	1
RNASE3	true	false	false	false	1
RNF123	true	false	false	false	1
ROCK1	true	false	false	false	1
RP1-12G14.7	true	false	false	false	1
RP11-1018N14.2	true	false	false	false	1
RP11-1023L17.1	true	false	false	false	1
RP11-1212A22.1	true	false	false	false	1
RP11-122C21.1	true	false	false	false	1
RP11-1319K7.1	true	false	false	false	1
RP11-15J10.1	true	false	false	false	1
RP11-204M4.2	true	false	false	false	1
RP11-239H6.2	true	false	false	false	1
RP11-24M17.5	true	false	false	false	1
RP11-262H14.11	true	false	false	false	1
RP11-262H14.4	true	false	false	false	1
RP11-395L14.13	true	false	false	false	1
RP11-395L14.17	true	false	false	false	1
RP11-404K5.2	true	false	false	false	1
RP11-423H2.1	true	false	false	false	1
RP11-460N11.2	true	false	false	false	1
RP11-466P24.6	true	false	false	false	1
RP11-475I24.9	true	false	false	false	1
RP11-497H16.5	true	false	false	false	1
RP11-503N18.1	true	false	false	false	1
RP11-514P8.6	true	false	false	false	1
RP11-556K13.1	true	false	false	false	1
RP11-574E24.3	true	false	false	false	1
RP11-683L23.1	true	false	false	false	1
RP11-706O15.5	true	false	false	false	1
RP11-706O15.7	true	false	false	false	1
RP11-707M1.1	true	false	false	false	1
RP11-754I20.1	true	false	false	false	1
RP11-756P10.3	true	false	false	false	1
RP11-79C23.1	true	false	false	false	1
RP11-830F9.6	true	false	false	false	1
RP11-96J15.2	true	false	false	false	1
RP13-1039J1.2	true	false	false	false	1
RP13-395E19.3	true	false	false	false	1
RP13-507P19.2	true	false	false	false	1
RPL14P1	true	false	false	false	1
RPL15P3	true	false	false	false	1
RPL18AP8	true	false	false	false	1
RPL23AP53	true	false	false	false	1
RPL23AP82	true	false	false	false	1
RPL7P1	true	false	false	false	1
RPL7P9	true	false	false	false	1
RPS26P3	true	false	false	false	1
RPS26P6	true	false	false	false	1
RPS26P8	true	false	false	false	1
SAP30L	true	false	false	false	1
SC7	true	false	false	false	1
SCML4	true	false	false	false	1
SDHA	true	false	false	false	1
SDHAP1	true	false	false	false	1
SEC24C	true	false	false	false	1
SEC24D	true	false	false	false	1
SEMA5B	true	false	false	false	1
SERF1A	true	false	false	false	1
SERF1B	true	true	false	false	2
SERPINA13P	true	false	false	false	1
SFTPA1	true	false	false	false	1
SFTPA2	true	false	false	false	1
SFXN2	true	false	false	false	1
SH3PXD2A	true	false	false	false	1
SIGLEC11	true	false	false	false	1
SLC12A5	true	false	false	false	1
SLC13A1	true	false	false	false	1
SLC29A4	true	false	false	false	1
SLC29A4P1	true	false	false	false	1
SLC29A4P2	true	false	false	false	1
SLC4A1	true	false	false	false	1
SLC4A1AP	true	false	false	false	1
SLC6A13	true	false	false	false	1
SLC6A15	true	true	false	false	2
SLC6A4	true	false	false	false	1
SLC7A6	true	false	false	false	1
SLC9B1P2	true	false	false	false	1
SLX1A	true	false	false	false	1
SLX1B	true	false	false	false	1
SLX1B-SULT1A4	true	false	false	false	1
SMAD5	true	false	false	false	1
SMN1	true	false	false	false	1
SMN2	true	false	false	false	1
SNORA12	true	false	false	false	1
SNX29	true	false	false	false	1
SPACA5B	true	false	false	false	1
SPAG11A	true	false	true	false	2
SPAG5	true	false	false	false	1
SPANXA1	true	true	true	false	3
SPANXA2	true	true	true	false	3
SPANXA2-OT1	true	false	false	false	1
SPANXB1	true	true	true	false	3
SPANXC	true	true	true	false	3
SPANXD	true	true	true	false	3
SPANXN1	true	true	true	false	3
SPANXN2	true	true	true	false	3
SPANXN3	true	true	true	false	3
SPANXN5	true	true	true	false	3
SPATA31A1	true	true	false	false	2
SPATA31A3	true	true	false	false	2
SPATA31A5	true	true	false	false	2
SPATA31A6	true	true	false	false	2
SPATA31A7	true	true	false	false	2
SPDYE1	true	false	false	false	1
SPDYE5	true	false	false	false	1
SPPL2B	true	false	false	false	1
SPRY3	true	true	false	false	2
SRGAP2	true	false	false	false	1
SRGAP2B	true	false	true	false	2
SRGAP2C	true	false	true	false	2
SRGAP2D	true	false	false	false	1
SRP9	true	false	false	false	1
SRP9P1	true	false	false	false	1
SSX1	true	false	false	false	1
SSX2B	true	false	false	false	1
ST6GAL2	true	false	false	false	1
STAG3	true	false	false	false	1
STAG3L1	true	false	false	false	1
STRA6	true	false	false	false	1
STRC	true	false	false	false	1
SULT1A1	true	false	false	false	1
SYT15	true	false	false	false	1
SYT2	true	false	false	false	1
TAS2R12P	true	false	false	false	1
TAS2R2P	true	false	false	false	1
TAS2R62P	true	false	false	false	1
TBC1D26	true	true	true	false	3
TBC1D29P	true	false	false	false	1
TBC1D2B	true	false	false	false	1
TBC1D3	true	true	true	false	3
TBC1D8B	true	false	false	false	1
TBX20	true	false	false	false	1
TCAF2	true	false	false	false	1
TCAF2P1	true	false	false	false	1
ELOA3P	true	false	false	false	1
TCF15	true	false	false	false	1
TCF7L2	true	false	false	false	1
TDG	true	false	false	false	1
TDH	true	false	false	false	1
TENM1	true	false	false	false	1
TENM3	true	false	false	false	1
TEX28	true	false	false	false	1
TEX28P1	true	false	false	false	1
TFCP2L1	true	false	false	false	1
THOC3	true	false	false	false	1
TIGIT	true	false	false	false	1
PRSS40A	true	false	false	false	1
TLK2	true	false	false	false	1
TLN1	true	false	false	false	1
TMEM128	true	false	false	false	1
TMEM14DP	true	false	false	false	1
TMEM183A	true	false	false	false	1
TMEM191A	true	false	false	false	1
TMEM236	true	false	false	false	1
TMEM254	true	false	false	false	1
TMPRSS11E	true	false	false	false	1
TNFRSF1B	true	false	false	false	1
TNFRSF9	true	false	false	false	1
TP53TG3	true	true	true	false	3
TP53TG3C	true	true	true	false	3
TP53TG3D	true	true	true	false	3
TPD52L3	true	false	false	false	1
TPPP	true	false	false	false	1
TPTE	true	false	false	false	1
TPTE2	true	false	false	false	1
TRGV10	true	false	false	false	1
TRIM49C	true	true	false	false	2
TRIM50	true	false	false	false	1
TRIM51	true	true	false	false	2
TRIM51FP	true	false	false	false	1
TRIM60	true	false	false	false	1
TRIM64	true	true	false	false	2
TRIM74	true	true	false	false	2
TYRL	true	false	false	false	1
UBC	true	false	false	false	1
UBE2Q2P1	true	false	false	false	1
UBTFL3	true	false	false	false	1
ULK4P3	true	false	false	false	1
UNC93B5	true	false	false	false	1
USP10	true	false	false	false	1
UTP11	true	false	false	false	1
VAMP7	true	true	false	false	2
VCX2	true	true	true	false	3
VCX3A	true	true	true	false	3
VCX3B	true	true	true	false	3
VCY	true	true	true	false	3
VIPR1	true	false	false	false	1
VN1R3	true	false	false	false	1
VNN2	true	true	true	false	3
WASHC1	true	false	false	false	1
WASH2P	true	false	false	false	1
WASH4P	true	false	false	false	1
WASH6P	true	false	false	false	1
CFAP251	true	false	false	false	1
WI2-1896O14.1	true	false	false	false	1
WWOX	true	false	false	false	1
XAGE1A	true	true	true	false	3
XAGE1B	true	true	true	false	3
ZDHHC11	true	false	false	false	1
ZDHHC11B	true	false	false	false	1
ZFC3H1	true	false	false	false	1
ZFP36L1	true	false	false	false	1
ZMYND11	true	false	false	false	1
ZNF138	true	true	true	false	3
ZNF271P	true	false	false	false	1
ZNF286A	true	false	false	false	1
ZNF322	true	false	false	false	1
ZNF322P1	true	false	false	false	1
ZNF355P	true	false	false	false	1
ZNF492	true	true	true	false	3
ZNF519	true	false	false	false	1
ZNF595	true	true	false	false	2
ZNF638	true	false	false	false	1
ZNF705B	true	false	true	false	2
ZNF705G	true	false	true	false	2
ZNF790	true	true	false	false	2
ZNF843	true	true	true	true	4
ZNF85	true	false	false	false	1
ZNF850	true	false	false	false	1
ZNF962P	true	false	false	false	1
A2ML1	false	true	false	false	1
ABCA10	false	true	true	false	2
ABCC11	false	true	true	false	2
ACP7	false	true	false	false	1
ACSM6	false	true	true	false	2
ACTL8	false	true	true	false	2
ACTN4	false	true	false	false	1
ACTR6	false	true	false	false	1
ACYP1	false	true	false	false	1
ADA2	false	true	true	false	2
ADAM9	false	true	false	false	1
ADAM18	false	true	false	false	1
ADAM19	false	true	false	false	1
ADAM32	false	true	false	false	1
ADGRD2	false	true	true	false	2
ADGRE2	false	true	false	false	1
ADGRE3	false	true	false	false	1
ADIRF	false	true	true	false	2
ADM5	false	true	true	false	2
ADPRHL1	false	true	false	false	1
AGAP4	false	true	false	false	1
AGAP5	false	true	false	false	1
AGAP6	false	true	false	false	1
AGAP9	false	true	false	false	1
AHI1	false	true	false	false	1
AHSP	false	true	false	false	1
AK6	false	true	false	false	1
AKAIN1	false	true	false	false	1
AKAP17A	false	true	false	false	1
AKR1B15	false	true	false	false	1
AKR1C1	false	true	false	false	1
AKR1C2	false	true	false	false	1
AKR1C3	false	true	false	false	1
AKR1C4	false	true	false	false	1
AKR1C8	false	true	true	false	2
AKR7A2	false	true	false	false	1
AKR7A3	false	true	false	false	1
ALG1L	false	true	false	false	1
ALX1	false	true	false	false	1
AMELY	false	true	false	false	1
AMHR2	false	true	false	false	1
AMY1C	false	true	false	false	1
ANHX	false	true	true	false	2
ANK3	false	true	false	false	1
ANKRD7	false	true	false	false	1
ANKRD18A	false	true	false	false	1
ANKRD18B	false	true	false	false	1
ANKRD20A1	false	true	false	false	1
ANKRD26	false	true	false	false	1
ANKRD30B	false	true	true	false	2
ANKRD36	false	true	true	false	2
ANKRD36B	false	true	true	false	2
ANKRD36C	false	true	true	false	2
ANKRD52	false	true	false	false	1
ANKS1B	false	true	false	false	1
ANOS1	false	true	false	false	1
ANXA2R	false	true	false	false	1
APAF1	false	true	false	false	1
APCDD1L	false	true	true	false	2
APELA	false	true	false	false	1
APOBEC3A	false	true	true	false	2
APOBEC3A_B	false	true	true	false	2
APOBEC3B	false	true	false	false	1
APOBEC3C	false	true	true	false	2
APOBEC3D	false	true	false	false	1
APOBEC3F	false	true	false	false	1
APOBEC3G	false	true	true	false	2
APOF	false	true	false	false	1
APOL5	false	true	true	false	2
AQP7B	false	true	true	false	2
AQP10	false	true	true	false	2
ARGFX	false	true	true	false	2
ARHGEF4	false	true	false	false	1
ARMS2	false	true	true	false	2
ARPC1A	false	true	false	false	1
ARSD	false	true	true	false	2
ARSF	false	true	true	false	2
ARSH	false	true	true	false	2
ARSL	false	true	true	false	2
ASMTL	false	true	true	false	2
ATAD2	false	true	false	false	1
ATAD3B	false	true	false	false	1
ATAD3C	false	true	false	false	1
ATF7	false	true	false	false	1
ATP1B4	false	true	false	false	1
ATP5MC1	false	true	false	false	1
ATP5MC2	false	true	false	false	1
ATXN3	false	true	false	false	1
ATXN8	false	true	true	false	2
AZU1	false	true	true	false	2
B4GALT6	false	true	false	false	1
BAGE	false	true	true	false	2
BAGE3	false	true	true	false	2
BAGE4	false	true	true	false	2
BAGE5	false	true	true	false	2
BANF1	false	true	false	false	1
BCAS4	false	true	true	false	2
BCL2L10	false	true	false	false	1
BCLAF1	false	true	false	false	1
BEST4	false	true	true	false	2
BET1	false	true	false	false	1
BEX5	false	true	true	false	2
BIRC8	false	true	false	false	1
BLID	false	true	true	false	2
BLOC1S1	false	true	false	false	1
BMP8A	false	true	false	false	1
BMP8B	false	true	false	false	1
BPY2	false	true	true	false	2
BPY2B	false	true	true	false	2
BPY2C	false	true	true	false	2
BRD3OS	false	true	false	false	1
BTN2A1	false	true	false	false	1
BTN3A2	false	true	false	false	1
BTN3A3	false	true	false	false	1
BTNL3	false	true	false	false	1
BTNL8	false	true	false	false	1
C1GALT1C1	false	true	false	false	1
C1GALT1C1L	false	true	true	false	2
C1orf167	false	true	true	false	2
C1orf226	false	true	false	false	1
C1QTNF8	false	true	true	false	2
C2CD4A	false	true	false	false	1
C2CD4B	false	true	false	false	1
C2orf15	false	true	true	false	2
C2orf50	false	true	false	false	1
C2orf76	false	true	false	false	1
C2orf83	false	true	true	false	2
C3orf56	false	true	false	false	1
C4B_2	false	true	true	false	2
C4BPB	false	true	true	false	2
C5orf38	false	true	true	false	2
C5orf58	false	true	true	false	2
C5orf60	false	true	true	false	2
C6orf52	false	true	true	false	2
C6orf201	false	true	false	false	1
C6orf223	false	true	true	false	2
C7orf33	false	true	true	false	2
C7orf61	false	true	false	false	1
C7orf77	false	true	true	false	2
C8orf86	false	true	true	false	2
C8orf88	false	true	true	false	2
C9orf57	false	true	false	false	1
C9orf92	false	true	true	false	2
C9orf129	false	true	true	false	2
C9orf153	false	true	false	false	1
C10orf126	false	true	true	false	2
C11orf21	false	true	true	false	2
C12orf54	false	true	false	false	1
C12orf73	false	true	false	false	1
C12orf76	false	true	true	false	2
C14orf178	false	true	true	false	2
C16orf82	false	true	true	false	2
C17orf113	false	true	true	false	2
C19orf48	false	true	false	false	1
C19orf54	false	true	false	false	1
C19orf73	false	true	true	false	2
C20orf141	false	true	false	false	1
C22orf31	false	true	true	false	2
C22orf42	false	true	true	false	2
CABCOCO1	false	true	false	false	1
CADPS	false	true	false	false	1
CALCOCO1	false	true	false	false	1
CALML6	false	true	true	false	2
CAMK2D	false	true	false	false	1
CAPN12	false	true	false	false	1
CAPN14	false	true	true	false	2
CAPS	false	true	true	false	2
CARD8	false	true	true	false	2
CARD16	false	true	true	false	2
CARD17	false	true	true	false	2
CARD18	false	true	true	false	2
CASP4	false	true	false	false	1
CASP5	false	true	false	false	1
CASP10	false	true	true	false	2
CASZ1	false	true	false	false	1
CBLL2	false	true	true	false	2
CBX3	false	true	false	false	1
CBX5	false	true	false	false	1
CCDC7	false	true	false	false	1
CCDC63	false	true	false	false	1
CCDC96	false	true	false	false	1
CCDC102B	false	true	true	false	2
CCDC121	false	true	false	false	1
CCDC144A	false	true	true	false	2
CCDC163	false	true	false	false	1
CCDC166	false	true	false	false	1
CCDC179	false	true	false	false	1
CCDC183	false	true	false	false	1
CCDC197	false	true	true	false	2
CCER2	false	true	false	false	1
CCL1	false	true	false	false	1
CCL3L3	false	true	false	false	1
CCL5	false	true	false	false	1
CCL13	false	true	false	false	1
CCL14	false	true	true	false	2
CCL16	false	true	true	false	2
CCL25	false	true	false	false	1
CCL26	false	true	false	false	1
CCNI2	false	true	true	false	2
CCNP	false	true	true	false	2
CCNYL1	false	true	false	false	1
CD1A	false	true	true	false	2
CD1B	false	true	true	false	2
CD1C	false	true	true	false	2
CD1E	false	true	true	false	2
CD58	false	true	true	false	2
CD63	false	true	false	false	1
CD68	false	true	false	false	1
CD99	false	true	false	false	1
CD99L2	false	true	false	false	1
CD163L1	false	true	true	false	2
CD300H	false	true	true	false	2
CDK1	false	true	false	false	1
CDK2	false	true	false	false	1
CDKN2A	false	true	false	false	1
CDRT15	false	true	true	false	2
CDRT15L2	false	true	true	false	2
CDY1	false	true	true	false	2
CDY1B	false	true	true	false	2
CDY2A	false	true	true	false	2
CDY2B	false	true	false	false	1
CEMP1	false	true	true	false	2
CENPVL1	false	true	true	false	2
CENPVL2	false	true	true	false	2
CENPVL3	false	true	true	false	2
CENPX	false	true	false	false	1
CERS1	false	true	false	false	1
CETP	false	true	true	false	2
CFAP47	false	true	false	false	1
CFAP53	false	true	false	false	1
CFH	false	true	false	false	1
CFHR3	false	true	false	false	1
CFHR4	false	true	false	false	1
CFHR5	false	true	true	false	2
CGB1	false	true	false	false	1
CGB2	false	true	false	false	1
CGB3	false	true	true	false	2
CGB5	false	true	true	false	2
CGB7	false	true	false	false	1
CGB8	false	true	false	false	1
CHI3L2	false	true	true	false	2
CHMP4A	false	true	true	false	2
CHST5	false	true	false	false	1
CHST6	false	true	false	false	1
CLC	false	true	true	false	2
CLDN20	false	true	false	false	1
CLDN22	false	true	false	false	1
CLDN24	false	true	false	false	1
CLDN25	false	true	false	false	1
CLEC2A	false	true	true	false	2
CLEC2B	false	true	true	false	2
CLEC17A	false	true	true	false	2
CLEC19A	false	true	true	false	2
CLEC20A	false	true	true	false	2
CLECL1	false	true	true	false	2
CLIC2	false	true	true	false	2
CLPSL1	false	true	true	false	2
CLUL1	false	true	true	false	2
CMC2	false	true	false	false	1
CNGA2	false	true	false	false	1
CNPY2	false	true	false	false	1
CNTNAP5	false	true	false	false	1
COA1	false	true	true	false	2
COL7A1	false	true	false	false	1
COL9A3	false	true	false	false	1
COL10A1	false	true	false	false	1
COL21A1	false	true	true	false	2
COL22A1	false	true	false	false	1
COL24A1	false	true	false	false	1
COPS9	false	true	false	false	1
COPZ1	false	true	false	false	1
COQ8B	false	true	false	false	1
COQ10A	false	true	false	false	1
CPHXL2	false	true	true	false	2
CPO	false	true	true	false	2
CR1L	false	true	false	false	1
CRCT1	false	true	false	false	1
CRYGD	false	true	false	false	1
CS	false	true	false	false	1
CSAG2	false	true	true	false	2
CSAG3	false	true	true	false	2
CSGALNACT1	false	true	false	false	1
CSKMT	false	true	true	false	2
CSNK1A1L	false	true	false	false	1
CST1	false	true	false	false	1
CST2	false	true	false	false	1
CST4	false	true	false	false	1
CST5	false	true	false	false	1
CST9	false	true	false	false	1
CT47A1	false	true	true	false	2
CT47A2	false	true	true	false	2
CT47A3	false	true	true	false	2
CT47A4	false	true	true	false	2
CT47A5	false	true	true	false	2
CT47A6	false	true	true	false	2
CT47A7	false	true	true	false	2
CT47A8	false	true	true	false	2
CT47A9	false	true	true	false	2
CT47A10	false	true	true	false	2
CT47A11	false	true	true	false	2
CT47A12	false	true	true	false	2
CT47B1	false	true	true	false	2
CT55	false	true	false	false	1
CT83	false	true	true	false	2
CTRC	false	true	false	false	1
CTSL	false	true	false	false	1
CTSV	false	true	false	false	1
CTU1	false	true	false	false	1
CUL4B	false	true	false	false	1
CXCL1	false	true	false	false	1
CXCL2	false	true	false	false	1
CXCL3	false	true	false	false	1
CXCL5	false	true	false	false	1
CXCL8	false	true	true	false	2
CXorf51A	false	true	true	false	2
CXorf51B	false	true	true	false	2
CYP2B6	false	true	false	false	1
CYP2C8	false	true	false	false	1
CYP2C9	false	true	false	false	1
CYP2C19	false	true	false	false	1
CYP4Z1	false	true	false	false	1
CYP11B1	false	true	false	false	1
CYP11B2	false	true	false	false	1
CYP27C1	false	true	true	false	2
CYSLTR2	false	true	false	false	1
DAOA	false	true	true	false	2
DBF4B	false	true	true	false	2
DCAF4L1	false	true	false	false	1
DCAF12L1	false	true	false	false	1
DCAF16	false	true	true	false	2
DCANP1	false	true	true	false	2
DCD	false	true	true	false	2
DCDC1	false	true	true	false	2
DDI2	false	true	false	false	1
DDX43	false	true	false	false	1
DDX53	false	true	true	false	2
DDX60L	false	true	true	false	2
DEFB1	false	true	false	false	1
DEFB4A	false	true	true	false	2
DEFB106B	false	true	false	false	1
DEFB112	false	true	true	false	2
DEFB126	false	true	false	false	1
DEPDC4	false	true	true	false	2
DGKA	false	true	false	false	1
DHPS	false	true	false	false	1
DHRS12	false	true	true	false	2
DHRSX	false	true	false	false	1
DIRAS3	false	true	true	false	2
DLGAP1	false	true	false	false	1
DMRTC1	false	true	false	false	1
DNAAF8	false	true	false	false	1
DNAJC14	false	true	false	false	1
DNAJC25	false	true	false	false	1
DNAL4	false	true	false	false	1
DPRX	false	true	true	false	2
DRICH1	false	true	true	false	2
DSC1	false	true	false	false	1
DSC2	false	true	false	false	1
DSC3	false	true	false	false	1
DSG1	false	true	false	false	1
DSG2	false	true	false	false	1
DSG4	false	true	false	false	1
DTNB	false	true	false	false	1
DUSP3	false	true	false	false	1
DUX1	false	true	true	false	2
DUX3	false	true	true	false	2
DUX5	false	true	true	false	2
DUXA	false	true	true	false	2
DUXB	false	true	true	false	2
EBLN1	false	true	true	false	2
EBLN2	false	true	true	false	2
ECH1	false	true	false	false	1
EEF1A1	false	true	false	false	1
EEF1AKMT2	false	true	false	false	1
EIF1	false	true	false	false	1
EIF3K	false	true	false	false	1
ELOA2	false	true	false	false	1
ELSPBP1	false	true	true	false	2
ENOSF1	false	true	true	false	2
ERAP2	false	true	true	false	2
ERBB3	false	true	false	false	1
ERCC6L2	false	true	false	false	1
ERV3-1	false	true	true	false	2
ERVMER34-1	false	true	true	false	2
ERVV-1	false	true	true	false	2
ERVV-2	false	true	true	false	2
ESYT1	false	true	false	false	1
ETDA	false	true	false	false	1
ETDB	false	true	false	false	1
ETDC	false	true	false	false	1
ETV7	false	true	true	false	2
EVPLL	false	true	true	false	2
EXD3	false	true	true	false	2
EYS	false	true	true	false	2
EZHIP	false	true	false	false	1
FAAH2	false	true	true	false	2
FAHD2B	false	true	false	false	1
FAM9A	false	true	true	false	2
FAM9B	false	true	false	false	1
FAM9C	false	true	false	false	1
FAM24A	false	true	false	false	1
FAM24B	false	true	false	false	1
FAM47A	false	true	false	false	1
FAM47B	false	true	true	false	2
FAM47C	false	true	false	false	1
FAM71C	false	true	true	false	2
FAM104B	false	true	true	false	2
FAM111B	false	true	true	false	2
FAM120AOS	false	true	true	false	2
FAM133A	false	true	false	false	1
FAM153B	false	true	true	false	2
FAM169B	false	true	false	false	1
FAM177B	false	true	true	false	2
FAM180B	false	true	true	false	2
FAM200A	false	true	true	false	2
FAM200B	false	true	true	false	2
FAM240C	false	true	true	false	2
FAM241B	false	true	false	false	1
FAM246A	false	true	true	false	2
FAM246B	false	true	true	false	2
FAM246C	false	true	true	false	2
FATE1	false	true	false	false	1
FBN3	false	true	true	false	2
FBXO17	false	true	false	false	1
FBXO27	false	true	false	false	1
FBXW9	false	true	false	false	1
FCAR	false	true	true	false	2
FCF1	false	true	false	false	1
FCGBP	false	true	false	false	1
FCGRT	false	true	false	false	1
FCN2	false	true	false	false	1
FCN3	false	true	true	false	2
FCRL2	false	true	false	false	1
FCRL3	false	true	true	false	2
FCRL6	false	true	false	false	1
FDCSP	false	true	true	false	2
FDXR	false	true	false	false	1
FGA	false	true	false	false	1
FGFBP2	false	true	true	false	2
FIP1L1	false	true	false	false	1
FKBP2	false	true	false	false	1
FLT3LG	false	true	false	false	1
FOLR3	false	true	false	false	1
FOXL2NB	false	true	true	false	2
FOXO3B	false	true	true	false	2
FRG1	false	true	false	false	1
FRMD1	false	true	true	false	2
FTCDNL1	false	true	true	false	2
FTHL17	false	true	false	false	1
FUT2	false	true	false	false	1
FUT3	false	true	true	false	2
FUT5	false	true	true	false	2
FUT6	false	true	true	false	2
FXYD5	false	true	false	false	1
GAB4	false	true	false	false	1
GABRA3	false	true	false	false	1
GABRE	false	true	false	false	1
GABRQ	false	true	false	false	1
GAGE2B	false	true	true	false	2
GAGE2C	false	true	true	false	2
GAGE2D	false	true	true	false	2
GAGE2E	false	true	true	false	2
GAGE4	false	true	true	false	2
GAGE5	false	true	true	false	2
GAGE6	false	true	true	false	2
GAGE7	false	true	true	false	2
GAGE8	false	true	true	false	2
GAGE12B	false	true	true	false	2
GAGE12C	false	true	true	false	2
GAGE12D	false	true	true	false	2
GAGE12F	false	true	true	false	2
GAGE12G	false	true	true	false	2
GAGE12H	false	true	true	false	2
GAGE12I	false	true	true	false	2
GAGE12J	false	true	true	false	2
GAGE13	false	true	true	false	2
GALNT8	false	true	true	false	2
GAS2L3	false	true	false	false	1
GBA3	false	true	true	false	2
GBP1	false	true	false	false	1
GBP3	false	true	false	false	1
GBP4	false	true	false	false	1
GBP7	false	true	false	false	1
GCNA	false	true	true	false	2
GCSAML	false	true	true	false	2
GCSH	false	true	false	false	1
GDF11	false	true	false	false	1
GET1	false	true	false	false	1
GGTA1	false	true	false	false	1
GIMAP2	false	true	true	false	2
GJA9	false	true	true	false	2
GJB7	false	true	true	false	2
GLI4	false	true	true	false	2
GLRX2	false	true	false	false	1
GLS2	false	true	false	false	1
GLUD1	false	true	false	false	1
GLYATL1	false	true	true	false	2
GLYATL1B	false	true	true	false	2
GLYATL2	false	true	true	false	2
GNAQ	false	true	false	false	1
GNG5	false	true	false	false	1
GNG14	false	true	false	false	1
GNLY	false	true	true	false	2
GNRH2	false	true	true	false	2
GOLGA6L1	false	true	true	false	2
GOLGA6L2	false	true	true	false	2
GOLGA6L4	false	true	true	false	2
GOLGA6L6	false	true	true	false	2
GOLGA6L7	false	true	true	false	2
GOLGA6L9	false	true	true	false	2
GOLGA6L19	false	true	true	false	2
GOLGA6L22	false	true	true	false	2
GPALPP1	false	true	false	false	1
GPR32	false	true	true	false	2
GPR34	false	true	false	false	1
GPR50	false	true	false	false	1
GPR78	false	true	true	false	2
GPR84	false	true	false	false	1
GPR132	false	true	false	false	1
GPR148	false	true	true	false	2
GPR150	false	true	false	false	1
GPX5	false	true	false	false	1
GRIA3	false	true	false	false	1
GRK7	false	true	true	false	2
GSDMB	false	true	true	false	2
GSTA1	false	true	false	false	1
GSTA2	false	true	false	false	1
GSTA3	false	true	false	false	1
GSTA4	false	true	true	false	2
GSTM5	false	true	false	false	1
GSTT1	false	true	true	false	2
GTF2H2C_2	false	true	true	false	2
GTSF1	false	true	false	false	1
GUCA1C	false	true	true	false	2
GVQW3	false	true	true	false	2
GYG2	false	true	true	false	2
H2AC6	false	true	false	false	1
H2AC7	false	true	true	false	2
H2AC11	false	true	true	false	2
H2AC12	false	true	true	false	2
H2AC13	false	true	true	false	2
H2AC14	false	true	true	false	2
H2AC15	false	true	true	false	2
H2AC16	false	true	true	false	2
H2AC17	false	true	true	false	2
H2AJ	false	true	false	false	1
H2BC4	false	true	true	false	2
H2BC6	false	true	true	false	2
H2BC9	false	true	false	false	1
H2BC10	false	true	true	false	2
H2BC12	false	true	true	false	2
H2BC12L	false	true	true	false	2
H2BC13	false	true	false	false	1
H2BC15	false	true	false	false	1
H2BC17	false	true	true	false	2
H2BC21	false	true	true	false	2
H2BK1	false	true	true	false	2
H2BU1	false	true	false	false	1
H3-3A	false	true	false	false	1
H3-3B	false	true	false	false	1
H3-4	false	true	true	false	2
H3-7	false	true	true	false	2
H3C1	false	true	true	false	2
H3C2	false	true	true	false	2
H3C4	false	true	false	false	1
H3C6	false	true	true	false	2
H3C7	false	true	false	false	1
H3C10	false	true	true	false	2
H3C11	false	true	true	false	2
H3C12	false	true	true	false	2
H3Y1	false	true	true	false	2
H3Y2	false	true	true	false	2
H4-16	false	true	false	false	1
H4C1	false	true	true	false	2
H4C2	false	true	true	false	2
H4C3	false	true	true	false	2
H4C4	false	true	true	false	2
H4C6	false	true	true	false	2
H4C7	false	true	true	false	2
H4C8	false	true	true	false	2
H4C11	false	true	true	false	2
H4C12	false	true	false	false	1
H4C13	false	true	true	false	2
HBB	false	true	false	false	1
HBD	false	true	false	false	1
HBG1	false	true	false	false	1
HBG2	false	true	false	false	1
HBM	false	true	true	false	2
HCG22	false	true	true	false	2
HEPN1	false	true	true	false	2
HERC5	false	true	true	false	2
HES4	false	true	true	false	2
HHEX	false	true	false	false	1
HHLA2	false	true	true	false	2
HLA-DPA1	false	true	true	false	2
HLA-DPB1	false	true	true	false	2
HLA-DQA1	false	true	false	false	1
HLA-DQA2	false	true	false	false	1
HLA-DQB2	false	true	false	false	1
HLA-DRB3	false	true	true	false	2
HLA-DRB4	false	true	true	false	2
HMGB3	false	true	false	false	1
HMGN2	false	true	false	false	1
HMGN4	false	true	true	false	2
HMHB1	false	true	true	false	2
HMSD	false	true	true	false	2
HNRNPA1	false	true	false	false	1
HNRNPA1L2	false	true	false	false	1
HNRNPA1L3	false	true	true	false	2
HNRNPC	false	true	false	false	1
HNRNPL	false	true	false	false	1
HOXC4	false	true	false	false	1
HOXC5	false	true	false	false	1
HOXC6	false	true	false	false	1
HOXC8	false	true	false	false	1
HOXC9	false	true	false	false	1
HOXC10	false	true	false	false	1
HOXC11	false	true	false	false	1
HOXC12	false	true	false	false	1
HOXC13	false	true	false	false	1
HRURF	false	true	true	false	2
HSD11B1L	false	true	true	false	2
HSFX1	false	true	true	false	2
HSFX2	false	true	true	false	2
HSFX3	false	true	true	false	2
HSFX4	false	true	true	false	2
HSP90AA1	false	true	false	false	1
HSPA6	false	true	true	false	2
HSPE1	false	true	false	false	1
HTN1	false	true	true	false	2
HTN3	false	true	true	false	2
HTR1D	false	true	false	false	1
HTR1E	false	true	true	false	2
HTR3C	false	true	true	false	2
HTR3D	false	true	true	false	2
HTRA4	false	true	false	false	1
ICAM3	false	true	true	false	2
IDO1	false	true	false	false	1
IDO2	false	true	false	false	1
IFI6	false	true	true	false	2
IFI27	false	true	false	false	1
IFI27L1	false	true	false	false	1
IFI27L2	false	true	false	false	1
IFIT1	false	true	false	false	1
IFIT5	false	true	true	false	2
IFITM2	false	true	false	false	1
IFITM3	false	true	false	false	1
IFNL4	false	true	true	false	2
IFNW1	false	true	false	false	1
IGFL1	false	true	true	false	2
IGFL2	false	true	false	false	1
IGFL3	false	true	false	false	1
IGH	false	true	true	false	2
IGK	false	true	true	false	2
IGL	false	true	true	false	2
IGSF5	false	true	false	false	1
IGSF22	false	true	true	false	2
IKBIP	false	true	false	false	1
IKZF2	false	true	false	false	1
IKZF4	false	true	false	false	1
IL3RA	false	true	false	false	1
IL17REL	false	true	true	false	2
IL23A	false	true	false	false	1
IL32	false	true	true	false	2
IL37	false	true	true	false	2
INSL4	false	true	false	false	1
INTS10	false	true	false	false	1
IQCE	false	true	false	false	1
IQCF2	false	true	true	false	2
IQCF3	false	true	true	false	2
ISCU	false	true	false	false	1
ITGA5	false	true	false	false	1
ITGA7	false	true	false	false	1
ITIH6	false	true	true	false	2
ITLN2	false	true	false	false	1
ITPKC	false	true	false	false	1
IVL	false	true	false	false	1
JAML	false	true	false	false	1
KAAG1	false	true	true	false	2
KCNB2	false	true	false	false	1
KCNK17	false	true	true	false	2
KDM4E	false	true	false	false	1
KIAA0754	false	true	false	false	1
KIAA1107	false	true	true	false	2
KIAA1586	false	true	true	false	2
KIF4B	false	true	false	false	1
KIF16B	false	true	false	false	1
KIF25	false	true	true	false	2
KIR2DL2	false	true	true	false	2
KIR2DL5A	false	true	true	false	2
KIR2DL5B	false	true	true	false	2
KIR2DS1	false	true	true	false	2
KIR2DS2	false	true	true	false	2
KIR2DS3	false	true	true	false	2
KIR2DS5	false	true	true	false	2
KIR3DS1	false	true	true	false	2
KLK2	false	true	false	false	1
KLK3	false	true	false	false	1
KLK10	false	true	false	false	1
KLK11	false	true	false	false	1
KLK12	false	true	false	false	1
KLK13	false	true	false	false	1
KLK14	false	true	false	false	1
KLLN	false	true	true	false	2
KLRF1	false	true	true	false	2
KLRF2	false	true	true	false	2
KPNA5	false	true	true	false	2
KRBA2	false	true	true	false	2
KRBOX5	false	true	true	false	2
KRT3	false	true	true	false	2
KRT13	false	true	false	false	1
KRT31	false	true	false	false	1
KRT33B	false	true	false	false	1
KRT37	false	true	true	false	2
KRT38	false	true	true	false	2
KRT74	false	true	false	false	1
KRT81	false	true	false	false	1
KRT83	false	true	false	false	1
KRT86	false	true	false	false	1
KRTAP3-2	false	true	false	false	1
KRTAP3-3	false	true	false	false	1
KRTAP5-1	false	true	true	false	2
KRTAP5-3	false	true	true	false	2
KRTAP5-4	false	true	false	false	1
KRTAP5-7	false	true	true	false	2
KRTAP5-9	false	true	true	false	2
KRTAP5-10	false	true	true	false	2
KRTAP5-11	false	true	true	false	2
KRTAP6-1	false	true	false	false	1
KRTAP6-2	false	true	false	false	1
KRTAP6-3	false	true	true	false	2
KRTAP10-1	false	true	false	false	1
KRTAP10-2	false	true	false	false	1
KRTAP10-3	false	true	false	false	1
KRTAP10-5	false	true	false	false	1
KRTAP10-7	false	true	false	false	1
KRTAP10-8	false	true	false	false	1
KRTAP10-10	false	true	false	false	1
KRTAP10-12	false	true	false	false	1
KRTAP12-1	false	true	false	false	1
KRTAP12-2	false	true	false	false	1
KRTAP12-3	false	true	false	false	1
KRTAP12-4	false	true	false	false	1
KRTAP17-1	false	true	false	false	1
KRTAP19-1	false	true	false	false	1
KRTAP19-2	false	true	true	false	2
KRTAP19-3	false	true	false	false	1
KRTAP19-4	false	true	false	false	1
KRTAP19-5	false	true	false	false	1
KRTAP19-6	false	true	false	false	1
KRTAP19-7	false	true	false	false	1
KRTAP19-8	false	true	false	false	1
KRTAP20-1	false	true	false	false	1
KRTAP20-2	false	true	false	false	1
KRTAP20-3	false	true	true	false	2
KRTAP20-4	false	true	true	false	2
KRTAP21-1	false	true	true	false	2
KRTAP21-2	false	true	true	false	2
KRTAP21-3	false	true	true	false	2
KRTAP22-1	false	true	true	false	2
KRTAP22-2	false	true	true	false	2
KRTAP23-1	false	true	true	false	2
KRTAP25-1	false	true	true	false	2
KXD1	false	true	false	false	1
L3MBTL1	false	true	false	false	1
LACRT	false	true	true	false	2
LAIR1	false	true	false	false	1
LAIR2	false	true	false	false	1
LAMB4	false	true	true	false	2
LAMP2	false	true	false	false	1
LAMP3	false	true	false	false	1
LANCL1	false	true	false	false	1
LBHD2	false	true	false	false	1
LCE1A	false	true	false	false	1
LCE1B	false	true	false	false	1
LCE1C	false	true	false	false	1
LCE1D	false	true	false	false	1
LCE1E	false	true	false	false	1
LCE1F	false	true	true	false	2
LCE2A	false	true	false	false	1
LCE2B	false	true	false	false	1
LCE2C	false	true	false	false	1
LCE2D	false	true	false	false	1
LCE3A	false	true	true	false	2
LCE3B	false	true	false	false	1
LCE3C	false	true	false	false	1
LCE3D	false	true	false	false	1
LCE3E	false	true	false	false	1
LCE4A	false	true	true	false	2
LCE6A	false	true	false	false	1
LCE7A	false	true	true	false	2
LCN1	false	true	false	false	1
LCN15	false	true	false	false	1
LCNL1	false	true	true	false	2
LDHAL6A	false	true	true	false	2
LEUTX	false	true	true	false	2
LGALS4	false	true	false	false	1
LGALS7	false	true	false	false	1
LGALS7B	false	true	false	false	1
LGALS9	false	true	false	false	1
LGALS9C	false	true	false	false	1
LHB	false	true	false	false	1
LILRA1	false	true	false	false	1
LILRA2	false	true	false	false	1
LILRA3	false	true	true	false	2
LILRA4	false	true	false	false	1
LILRA5	false	true	false	false	1
LILRA6	false	true	true	false	2
LILRB1	false	true	false	false	1
LILRB2	false	true	false	false	1
LILRB5	false	true	false	false	1
LIMS1	false	true	false	false	1
LIPJ	false	true	true	false	2
LORICRIN	false	true	false	false	1
LPA	false	true	false	false	1
LPL	false	true	false	false	1
LRP5L	false	true	true	false	2
LRRC29	false	true	false	false	1
LRRC51	false	true	true	false	2
LRRC53	false	true	true	false	2
LRRC70	false	true	true	false	2
LRRC72	false	true	false	false	1
LRRIQ1	false	true	false	false	1
LTB4R	false	true	false	false	1
LTC4S	false	true	false	false	1
LUZP4	false	true	true	false	2
LUZP6	false	true	true	false	2
MAGEA1	false	true	false	false	1
MAGEA2	false	true	true	false	2
MAGEA2B	false	true	true	false	2
MAGEA4	false	true	false	false	1
MAGEA6	false	true	false	false	1
MAGEA8	false	true	false	false	1
MAGEA9	false	true	true	false	2
MAGEA9B	false	true	true	false	2
MAGEA11	false	true	false	false	1
MAGEA12	false	true	false	false	1
MAGEB1	false	true	false	false	1
MAGEB3	false	true	true	false	2
MAGEB4	false	true	false	false	1
MAGEB10	false	true	true	false	2
MAGEB17	false	true	true	false	2
MAGEC1	false	true	true	false	2
MAGEC2	false	true	true	false	2
MAGEC3	false	true	true	false	2
MAGED4	false	true	true	false	2
MAGED4B	false	true	true	false	2
MAGEF1	false	true	true	false	2
MAN2B1	false	true	false	false	1
MAOB	false	true	false	false	1
MAP1LC3B	false	true	false	false	1
MAP1LC3B2	false	true	false	false	1
MAP1LC3C	false	true	true	false	2
MAP3K5	false	true	false	false	1
MAP3K7CL	false	true	false	false	1
MAP3K12	false	true	false	false	1
MAP7	false	true	false	false	1
MAS1L	false	true	true	false	2
MCCD1	false	true	true	false	2
MCF2L2	false	true	true	false	2
MCHR2	false	true	true	false	2
MCTS1	false	true	false	false	1
MDP1	false	true	false	false	1
MED10	false	true	false	false	1
MED14OS	false	true	true	false	2
METTL7B	false	true	false	false	1
MFSD9	false	true	false	false	1
MFSD14C	false	true	true	false	2
MICB	false	true	false	false	1
MIP	false	true	false	false	1
MLN	false	true	true	false	2
MLNR	false	true	true	false	2
MMP10	false	true	false	false	1
MMP19	false	true	false	false	1
MMP26	false	true	true	false	2
MOGAT3	false	true	true	false	2
MORF4L1	false	true	false	false	1
MPC1L	false	true	true	false	2
MRPS12	false	true	false	false	1
MT3	false	true	false	false	1
MTFR2	false	true	false	false	1
MTM1	false	true	false	false	1
MTMR1	false	true	false	false	1
MTMR8	false	true	true	false	2
MUC2	false	true	false	false	1
MUC3B	false	true	true	false	2
MUC6	false	true	false	false	1
MUC7	false	true	true	false	2
MUC8	false	true	true	false	2
MUC12	false	true	true	false	2
MUC22	false	true	true	false	2
MUCL1	false	true	false	false	1
MX2	false	true	true	false	2
MXRA5	false	true	true	false	2
MXRA7	false	true	false	false	1
MYB	false	true	false	false	1
MYH2	false	true	false	false	1
MYH4	false	true	false	false	1
MYL1	false	true	false	false	1
MYL5	false	true	true	false	2
MYL6	false	true	false	false	1
MYL6B	false	true	false	false	1
MYOCOS	false	true	false	false	1
NAA11	false	true	false	false	1
NABP2	false	true	false	false	1
NACA2	false	true	true	false	2
NAF1	false	true	false	false	1
NANOGNB	false	true	true	false	2
NAT2	false	true	false	false	1
NAT16	false	true	true	false	2
NBPF4	false	true	true	false	2
NBPF6	false	true	true	false	2
NBPF9	false	true	true	false	2
NBPF11	false	true	true	false	2
NBPF19	false	true	true	false	2
NBPF20	false	true	true	false	2
NBPF26	false	true	true	false	2
NCBP2L	false	true	true	false	2
NCCRP1	false	true	false	false	1
NCKAP1L	false	true	false	false	1
NCR2	false	true	true	false	2
NCR3	false	true	false	false	1
NCR3LG1	false	true	true	false	2
NDP	false	true	false	false	1
NEDD1	false	true	false	false	1
NEFM	false	true	false	false	1
NEUROD4	false	true	false	false	1
NFE2	false	true	false	false	1
NFKBIB	false	true	false	false	1
NIPSNAP3B	false	true	false	false	1
NLGN4Y	false	true	false	false	1
NLRP2	false	true	false	false	1
NLRP2B	false	true	true	false	2
NLRP7	false	true	false	false	1
NLRP8	false	true	true	false	2
NLRP11	false	true	true	false	2
NLRP13	false	true	true	false	2
NNAT	false	true	false	false	1
NOTCH2NLB	false	true	true	false	2
NOTCH2NLC	false	true	true	false	2
NOTCH4	false	true	false	false	1
NOX5	false	true	true	false	2
NPAP1	false	true	true	false	2
NPAP1L	false	true	true	false	2
NPBWR2	false	true	true	false	2
NPFF	false	true	false	false	1
NPHP3	false	true	false	false	1
NPIPA2	false	true	true	false	2
NPIPA3	false	true	true	false	2
NPIPA5	false	true	true	false	2
NPIPA7	false	true	true	false	2
NPIPA8	false	true	true	false	2
NPIPB2	false	true	true	false	2
NPIPB4	false	true	true	false	2
NPIPB5	false	true	true	false	2
NPIPB6	false	true	true	false	2
NPIPB8	false	true	true	false	2
NPIPB12	false	true	true	false	2
NPIPB13	false	true	true	false	2
NPIPB15	false	true	true	false	2
NPY1R	false	true	false	false	1
NPY5R	false	true	false	false	1
NR1H4	false	true	false	false	1
NSUN4	false	true	false	false	1
NT5DC4	false	true	true	false	2
NUDT8	false	true	false	false	1
NUDT10	false	true	false	false	1
NXF5	false	true	false	false	1
NXPE1	false	true	false	false	1
ODAD1	false	true	false	false	1
ODF4	false	true	false	false	1
OOSP3	false	true	true	false	2
OOSP4A	false	true	true	false	2
OOSP4B	false	true	true	false	2
OPRPN	false	true	false	false	1
OR1C1	false	true	true	false	2
OR1D4	false	true	true	false	2
OR1D5	false	true	false	false	1
OR1E1	false	true	false	false	1
OR1E2	false	true	false	false	1
OR1E3	false	true	false	false	1
OR1G1	false	true	true	false	2
OR1J2	false	true	true	false	2
OR1K1	false	true	true	false	2
OR1L1	false	true	true	false	2
OR1L3	false	true	true	false	2
OR1L4	false	true	false	false	1
OR1L6	false	true	false	false	1
OR1L8	false	true	false	false	1
OR2AE1	false	true	true	false	2
OR2AP1	false	true	false	false	1
OR2B2	false	true	false	false	1
OR2B3	false	true	true	false	2
OR2C3	false	true	true	false	2
OR2G2	false	true	true	false	2
OR2G3	false	true	true	false	2
OR2G6	false	true	true	false	2
OR2H1	false	true	false	false	1
OR2M2	false	true	false	false	1
OR2M3	false	true	false	false	1
OR2M4	false	true	true	false	2
OR2M5	false	true	false	false	1
OR2M7	false	true	false	false	1
OR2T3	false	true	true	false	2
OR2T10	false	true	true	false	2
OR2T11	false	true	true	false	2
OR2T27	false	true	true	false	2
OR2T34	false	true	true	false	2
OR2Z1	false	true	false	false	1
OR3A2	false	true	true	false	2
OR3A3	false	true	true	false	2
OR4D9	false	true	true	false	2
OR4K13	false	true	true	false	2
OR4K14	false	true	true	false	2
OR4K17	false	true	true	false	2
OR4Q2	false	true	true	false	2
OR4S1	false	true	true	false	2
OR5B17	false	true	true	false	2
OR5D13	false	true	false	false	1
OR5F1	false	true	true	false	2
OR6C1	false	true	false	false	1
OR6C2	false	true	false	false	1
OR6C3	false	true	false	false	1
OR6C4	false	true	true	false	2
OR6C6	false	true	false	false	1
OR6C65	false	true	false	false	1
OR6C68	false	true	false	false	1
OR6C70	false	true	false	false	1
OR6C74	false	true	false	false	1
OR6C75	false	true	false	false	1
OR6C76	false	true	false	false	1
OR6J1	false	true	true	false	2
OR6K3	false	true	false	false	1
OR6M1	false	true	true	false	2
OR6Q1	false	true	true	false	2
OR6T1	false	true	true	false	2
OR6V1	false	true	true	false	2
OR7C1	false	true	false	false	1
OR7D2	false	true	true	false	2
OR8G1	false	true	false	false	1
OR8J2	false	true	true	false	2
OR8U8	false	true	true	false	2
OR8U9	false	true	true	false	2
OR9G9	false	true	true	false	2
OR9K2	false	true	false	false	1
OR10A6	false	true	false	false	1
OR10A7	false	true	true	false	2
OR10J1	false	true	false	false	1
OR10K2	false	true	false	false	1
OR10P1	false	true	false	false	1
OR10R2	false	true	true	false	2
OR10T2	false	true	true	false	2
OR11H2	false	true	true	false	2
OR11H12	false	true	true	false	2
OR12D2	false	true	false	false	1
OR13C4	false	true	true	false	2
OR14A16	false	true	true	false	2
OR14K1	false	true	true	false	2
OR51A2	false	true	true	false	2
OR51A4	false	true	true	false	2
OR51B2	false	true	false	false	1
OR51B5	false	true	true	false	2
OR51H1	false	true	false	false	1
OR52A1	false	true	true	false	2
OR52E1	false	true	true	false	2
OR52N4	false	true	false	false	1
OR52Z1	false	true	false	false	1
OR56A1	false	true	true	false	2
OR56A5	false	true	false	false	1
ORMDL2	false	true	false	false	1
OVCH1	false	true	true	false	2
OXER1	false	true	true	false	2
P2RY8	false	true	true	false	2
P2RY11	false	true	true	false	2
PA2G4	false	true	false	false	1
PAAF1	false	true	true	false	2
PABPC1	false	true	false	false	1
PABPC1L2A	false	true	true	false	2
PABPC1L2B	false	true	true	false	2
PAEP	false	true	true	false	2
PAGE1	false	true	true	false	2
PAGE2	false	true	true	false	2
PAGE2B	false	true	true	false	2
PAGE3	false	true	true	false	2
PAGE4	false	true	true	false	2
PAGE5	false	true	true	false	2
PALS2	false	true	false	false	1
PAN2	false	true	false	false	1
PANO1	false	true	true	false	2
PARP15	false	true	true	false	2
PASD1	false	true	true	false	2
PCBP2	false	true	false	false	1
PCDHA@	false	true	true	false	2
PCDHB@	false	true	true	false	2
PCDHG@	false	true	true	false	2
PCNP	false	true	false	false	1
PCP4	false	true	false	false	1
PDCD6IP	false	true	false	false	1
PDE7B	false	true	false	false	1
PEAK3	false	true	true	false	2
PF4	false	true	false	false	1
PF4V1	false	true	false	false	1
PGA3	false	true	false	false	1
PGA4	false	true	false	false	1
PGBD2	false	true	true	false	2
PGBD3	false	true	true	false	2
PGBD4	false	true	true	false	2
PHGR1	false	true	false	false	1
PI3	false	true	true	false	2
PIGZ	false	true	false	false	1
PILRA	false	true	false	false	1
PILRB	false	true	false	false	1
PITX2	false	true	false	false	1
PIWIL3	false	true	true	false	2
PLAAT2	false	true	true	false	2
PLAAT4	false	true	true	false	2
PLEKHA2	false	true	false	false	1
PLEKHG4B	false	true	true	false	2
PLEKHG7	false	true	true	false	2
PLSCR2	false	true	false	false	1
PMEL	false	true	false	false	1
PNLIPRP3	false	true	true	false	2
PNMA6A	false	true	true	false	2
PNPLA4	false	true	true	false	2
POLD3	false	true	false	false	1
POLR2J	false	true	false	false	1
POLR3G	false	true	false	false	1
POLR3GL	false	true	false	false	1
POTEB	false	true	false	false	1
POTEB2	false	true	false	false	1
POTEB3	false	true	false	false	1
POTEC	false	true	false	false	1
POTED	false	true	false	false	1
POTEE	false	true	false	false	1
POTEF	false	true	false	false	1
POTEG	false	true	false	false	1
POTEH	false	true	false	false	1
POTEI	false	true	false	false	1
POTEJ	false	true	false	false	1
POTEM	false	true	false	false	1
PPDPFL	false	true	true	false	2
PPIAL4A	false	true	true	false	2
PPIAL4C	false	true	true	false	2
PPIAL4D	false	true	true	false	2
PPIAL4E	false	true	true	false	2
PPIAL4F	false	true	true	false	2
PPIAL4G	false	true	true	false	2
PPIAL4H	false	true	true	false	2
PPM1A	false	true	false	false	1
PPP1R1A	false	true	false	false	1
PPP1R2C	false	true	true	false	2
PPP1R7	false	true	false	false	1
PPP2R3B	false	true	false	false	1
PPP4R2	false	true	false	false	1
PRAC1	false	true	true	false	2
PRAC2	false	true	true	false	2
PRB1	false	true	false	false	1
PRB2	false	true	false	false	1
PRB3	false	true	false	false	1
PRB4	false	true	false	false	1
PRCD	false	true	false	false	1
PRELID1	false	true	false	false	1
PRH1	false	true	true	false	2
PRH2	false	true	false	false	1
PRKACG	false	true	true	false	2
PRM1	false	true	false	false	1
PROC	false	true	false	false	1
PROKR1	false	true	false	false	1
PRORY	false	true	true	false	2
PRR4	false	true	true	false	2
PRR13	false	true	false	false	1
PRR20A	false	true	true	false	2
PRR20C	false	true	true	false	2
PRR20D	false	true	true	false	2
PRR20E	false	true	true	false	2
PRR20G	false	true	true	false	2
PRR23A	false	true	false	false	1
PRR23B	false	true	false	false	1
PRR23C	false	true	false	false	1
PRR25	false	true	true	false	2
PRRG2	false	true	false	false	1
PRRG3	false	true	false	false	1
PRTFDC1	false	true	true	false	2
PRY	false	true	true	false	2
PRY2	false	true	true	false	2
PSD3	false	true	false	false	1
PSKH2	false	true	true	false	2
PSMA1	false	true	false	false	1
PSORS1C1	false	true	true	false	2
PTBP1	false	true	false	false	1
PTMA	false	true	false	false	1
PTMS	false	true	false	false	1
PTPRG	false	true	false	false	1
PVALEF	false	true	true	false	2
PXDNL	false	true	true	false	2
PYDC1	false	true	true	false	2
PYDC5	false	true	true	false	2
PYHIN1	false	true	false	false	1
PYM1	false	true	false	false	1
RAB5B	false	true	false	false	1
RAB6D	false	true	true	false	2
RAB32	false	true	false	false	1
RAB40A	false	true	false	false	1
RAB40AL	false	true	false	false	1
RAB41	false	true	true	false	2
RAET1G	false	true	false	false	1
RAET1L	false	true	false	false	1
RAX2	false	true	true	false	2
RBM23	false	true	true	false	2
RBMS2	false	true	false	false	1
RBMY1C	false	true	true	false	2
RBP5	false	true	true	false	2
RCN3	false	true	false	false	1
RDH5	false	true	false	false	1
REELD1	false	true	true	false	2
REEP6	false	true	false	false	1
REG3A	false	true	false	false	1
REG3G	false	true	false	false	1
RFPL1	false	true	false	false	1
RFPL2	false	true	false	false	1
RFPL3	false	true	false	false	1
RGL4	false	true	true	false	2
RGPD1	false	true	false	false	1
RGPD4	false	true	false	false	1
RHEX	false	true	true	false	2
RHOBTB1	false	true	false	false	1
RHOXF2	false	true	false	false	1
RHOXF2B	false	true	false	false	1
RINL	false	true	false	false	1
RNASE7	false	true	true	false	2
RNASE8	false	true	true	false	2
RNASE11	false	true	false	false	1
RNF41	false	true	false	false	1
RNF135	false	true	false	false	1
RNF175	false	true	true	false	2
RNF181	false	true	false	false	1
RNF187	false	true	false	false	1
RPA4	false	true	true	false	2
RPL4	false	true	false	false	1
RPL7A	false	true	false	false	1
RPL9	false	true	false	false	1
RPL10	false	true	false	false	1
RPL12	false	true	false	false	1
RPL13A	false	true	false	false	1
RPL14	false	true	false	false	1
RPL21	false	true	false	false	1
RPL26L1	false	true	true	false	2
RPL27A	false	true	false	false	1
RPL31	false	true	false	false	1
RPL36A	false	true	false	false	1
RPL39L	false	true	false	false	1
RPL41	false	true	false	false	1
RPP14	false	true	false	false	1
RPS3	false	true	false	false	1
RPS4Y1	false	true	false	false	1
RPS4Y2	false	true	false	false	1
RPS6KB1	false	true	false	false	1
RPS8	false	true	false	false	1
RPS10	false	true	false	false	1
RPS12	false	true	false	false	1
RPS17	false	true	false	false	1
RPS26	false	true	false	false	1
RPS27A	false	true	false	false	1
RPSA	false	true	false	false	1
RTL1	false	true	false	false	1
RTL8A	false	true	false	false	1
RTL8B	false	true	false	false	1
RTL10	false	true	true	false	2
RTP5	false	true	true	false	2
RXFP3	false	true	false	false	1
S100A7	false	true	false	false	1
S100A7A	false	true	false	false	1
S100A12	false	true	true	false	2
S100P	false	true	true	false	2
SAA1	false	true	false	false	1
SAA2	false	true	false	false	1
SAMD1	false	true	false	false	1
SAMD9	false	true	true	false	2
SARNP	false	true	false	false	1
SARS2	false	true	false	false	1
SCD5	false	true	false	false	1
SCGB1D1	false	true	true	false	2
SCGB1D2	false	true	true	false	2
SCGB1D4	false	true	true	false	2
SCGB2B2	false	true	true	false	2
SCML1	false	true	true	false	2
SCNN1D	false	true	true	false	2
SCYGR1	false	true	true	false	2
SCYGR2	false	true	true	false	2
SCYGR3	false	true	true	false	2
SCYGR4	false	true	true	false	2
SCYGR5	false	true	true	false	2
SCYGR6	false	true	true	false	2
SCYGR7	false	true	true	false	2
SCYGR8	false	true	true	false	2
SCYGR9	false	true	true	false	2
SCYGR10	false	true	true	false	2
SCYL2	false	true	false	false	1
SDIM1	false	true	true	false	2
SEC14L6	false	true	false	false	1
SEM1	false	true	false	false	1
SEPTIN4	false	true	false	false	1
SERF2	false	true	false	false	1
SERPINA4	false	true	true	false	2
SET	false	true	false	false	1
SETD1A	false	true	false	false	1
SETD9	false	true	true	false	2
SETMAR	false	true	false	false	1
SFTA2	false	true	false	false	1
SH2D3A	false	true	true	false	2
SH2D4A	false	true	false	false	1
SHC2	false	true	false	false	1
SHOX	false	true	true	false	2
SIGLEC5	false	true	false	false	1
SIGLEC7	false	true	false	false	1
SIGLEC9	false	true	false	false	1
SIGLEC14	false	true	false	false	1
SIGLEC16	false	true	false	false	1
SIGLECL1	false	true	false	false	1
SIRPB2	false	true	false	false	1
SIRPD	false	true	false	false	1
SIRT2	false	true	false	false	1
SLC2A3	false	true	false	false	1
SLC2A4RG	false	true	true	false	2
SLC2A11	false	true	true	false	2
SLC2A14	false	true	false	false	1
SLC6A14	false	true	false	false	1
SLC9C2	false	true	true	false	2
SLC17A8	false	true	false	false	1
SLC22A10	false	true	false	false	1
SLC22A11	false	true	true	false	2
SLC22A24	false	true	true	false	2
SLC22A25	false	true	false	false	1
SLC22A31	false	true	true	false	2
SLC25A3	false	true	false	false	1
SLC25A6	false	true	true	false	2
SLC25A52	false	true	false	false	1
SLC26A10	false	true	false	false	1
SLC35E2A	false	true	false	false	1
SLC37A3	false	true	false	false	1
SLC39A5	false	true	false	false	1
SLC47A2	false	true	true	false	2
SLC66A1L	false	true	true	false	2
SLCO1B7	false	true	false	false	1
SLFN11	false	true	false	false	1
SLFN12L	false	true	false	false	1
SLN	false	true	false	false	1
SLURP2	false	true	false	false	1
SMAD9	false	true	false	false	1
SMARCC2	false	true	false	false	1
SMCP	false	true	false	false	1
SMIM2	false	true	true	false	2
SMIM6	false	true	false	false	1
SMIM10	false	true	false	false	1
SMIM21	false	true	true	false	2
SMIM27	false	true	false	false	1
SMIM28	false	true	true	false	2
SMIM34	false	true	false	false	1
SMIM42	false	true	true	false	2
SMIM44	false	true	true	false	2
SMIM45	false	true	false	false	1
SMKR1	false	true	true	false	2
SMR3A	false	true	false	false	1
SMR3B	false	true	true	false	2
SMUG1	false	true	false	false	1
SNRNP27	false	true	false	false	1
SNRPA	false	true	false	false	1
SNRPE	false	true	false	false	1
SNRPF	false	true	false	false	1
SP100	false	true	false	false	1
SP140L	false	true	false	false	1
SPANXN4	false	true	true	false	2
SPATA12	false	true	true	false	2
SPATA31E1	false	true	false	false	1
SPATA33	false	true	false	false	1
SPDYC	false	true	true	false	2
SPDYE10	false	true	true	false	2
SPDYE12	false	true	true	false	2
SPEGNB	false	true	true	false	2
SPIN2A	false	true	false	false	1
SPIN2B	false	true	false	false	1
SPIN3	false	true	true	false	2
SPRR1A	false	true	false	false	1
SPRR1B	false	true	false	false	1
SPRR2A	false	true	false	false	1
SPRR2B	false	true	false	false	1
SPRR2D	false	true	true	false	2
SPRR2E	false	true	false	false	1
SPRR2F	false	true	false	false	1
SPRR2G	false	true	true	false	2
SPRR5	false	true	true	false	2
SPRYD4	false	true	false	false	1
SPTSSB	false	true	false	false	1
SPTY2D1OS	false	true	true	false	2
SRD5A3	false	true	false	false	1
SREK1	false	true	false	false	1
SRSF8	false	true	true	false	2
ST20	false	true	true	false	2
STARD9	false	true	false	false	1
STAT2	false	true	false	false	1
STATH	false	true	true	false	2
STH	false	true	true	false	2
STK17A	false	true	true	false	2
STRIT1	false	true	false	false	1
STS	false	true	true	false	2
STX10	false	true	true	false	2
SULT1C4	false	true	false	false	1
SUMO1	false	true	false	false	1
SUMO4	false	true	false	false	1
SUOX	false	true	false	false	1
SUPT20HL1	false	true	false	false	1
SUPT20HL2	false	true	false	false	1
SYCN	false	true	false	false	1
SYNCRIP	false	true	false	false	1
SYNJ2BP	false	true	false	false	1
SYS1	false	true	false	false	1
TAAR6	false	true	false	false	1
TACC1	false	true	false	false	1
TARBP2	false	true	false	false	1
TAS2R5	false	true	true	false	2
TAS2R8	false	true	true	false	2
TAS2R9	false	true	true	false	2
TAS2R33	false	true	true	false	2
TAS2R36	false	true	true	false	2
TAS2R45	false	true	false	false	1
TBC1D3B	false	true	true	false	2
TBC1D3C	false	true	true	false	2
TBC1D3D	false	true	true	false	2
TBC1D3E	false	true	true	false	2
TBC1D3F	false	true	true	false	2
TBC1D3G	false	true	true	false	2
TBC1D3H	false	true	true	false	2
TBC1D3I	false	true	true	false	2
TBC1D3K	false	true	true	false	2
TBC1D3L	false	true	true	false	2
TBC1D28	false	true	true	false	2
TBX10	false	true	false	false	1
TCEAL2	false	true	true	false	2
TCEAL4	false	true	true	false	2
TCHP	false	true	false	false	1
TCIM	false	true	false	false	1
TCN1	false	true	true	false	2
TDRD10	false	true	true	false	2
TDRD15	false	true	true	false	2
TEKT4	false	true	false	false	1
TESPA1	false	true	false	false	1
TEX13A	false	true	false	false	1
TEX53	false	true	false	false	1
TEX55	false	true	false	false	1
TFDP3	false	true	false	false	1
THAP2	false	true	false	false	1
THAP5	false	true	true	false	2
THAP6	false	true	true	false	2
THAP8	false	true	true	false	2
THAP9	false	true	true	false	2
THAP10	false	true	true	false	2
THAP12	false	true	false	false	1
TIAF1	false	true	true	false	2
TICAM2	false	true	false	false	1
TIGD1	false	true	true	false	2
TIGD6	false	true	true	false	2
TIGD7	false	true	true	false	2
TIMELESS	false	true	false	false	1
TINCR	false	true	false	false	1
TKTL2	false	true	false	false	1
TLCD4	false	true	false	false	1
TLR10	false	true	true	false	2
TM2D2	false	true	false	false	1
TM4SF18	false	true	true	false	2
TMA16	false	true	false	false	1
TMDD1	false	true	true	false	2
TMEM14B	false	true	false	false	1
TMEM26	false	true	false	false	1
TMEM31	false	true	true	false	2
TMEM41A	false	true	false	false	1
TMEM78	false	true	true	false	2
TMEM167B	false	true	false	false	1
TMEM170A	false	true	false	false	1
TMEM182	false	true	false	false	1
TMEM187	false	true	true	false	2
TMEM196	false	true	false	false	1
TMEM202	false	true	false	false	1
TMEM217B	false	true	true	false	2
TMEM225B	false	true	true	false	2
TMEM244	false	true	true	false	2
TMEM255A	false	true	false	false	1
TMEM265	false	true	false	false	1
TMEM272	false	true	true	false	2
TMIGD2	false	true	true	false	2
TMLHE	false	true	false	false	1
TMPO	false	true	false	false	1
TMPRSS11B	false	true	false	false	1
TMSB4X	false	true	false	false	1
TMSB15A	false	true	false	false	1
TMSB15B	false	true	false	false	1
TMTC2	false	true	false	false	1
TNFRSF6B	false	true	true	false	2
TNFRSF10A	false	true	false	false	1
TNFRSF12A	false	true	false	false	1
TNPO2	false	true	false	false	1
TOMM5	false	true	false	false	1
TOMT	false	true	true	false	2
TP53AIP1	false	true	true	false	2
TP53I3	false	true	true	false	2
TP53TG3B	false	true	true	false	2
TP53TG3E	false	true	true	false	2
TP53TG3F	false	true	true	false	2
TPM2	false	true	false	false	1
TPM3	false	true	false	false	1
TPRX1	false	true	true	false	2
TPRX2	false	true	true	false	2
TPSD1	false	true	false	false	1
TRA	false	true	true	false	2
TRABD2A	false	true	true	false	2
TRAPPC8	false	true	false	false	1
TRB	false	true	true	false	2
TRD	false	true	true	false	2
TRG	false	true	true	false	2
TRIM4	false	true	true	false	2
TRIM16L	false	true	false	false	1
TRIM48	false	true	false	false	1
TRIM49	false	true	false	false	1
TRIM49B	false	true	false	false	1
TRIM49D1	false	true	true	false	2
TRIM49D2	false	true	true	false	2
TRIM51G	false	true	true	false	2
TRIM52	false	true	false	false	1
TRIM64B	false	true	false	false	1
TRIM64C	false	true	false	false	1
TRIM73	false	true	false	false	1
TRIM75	false	true	false	false	1
TRIM77	false	true	false	false	1
TRIR	false	true	false	false	1
TRMT61B	false	true	true	false	2
TSNARE1	false	true	true	false	2
TSPAN16	false	true	true	false	2
TSPAN19	false	true	true	false	2
TSPY1	false	true	true	false	2
TSPY2	false	true	true	false	2
TSPY3	false	true	true	false	2
TSPY4	false	true	true	false	2
TSPY8	false	true	true	false	2
TSPY9	false	true	true	false	2
TSPY10	false	true	true	false	2
TSPYL6	false	true	false	false	1
TSTD3	false	true	false	false	1
TTC31	false	true	true	false	2
TTLL5	false	true	false	false	1
TTR	false	true	false	false	1
TTYH1	false	true	false	false	1
TUBA3E	false	true	true	false	2
TUBA4B	false	true	true	false	2
TUBB8	false	true	true	false	2
TUBB8B	false	true	true	false	2
UBE2D4	false	true	false	false	1
UBE2NL	false	true	true	false	2
UBE2Q2L	false	true	true	false	2
UGT1A	false	true	true	false	2
UGT2B4	false	true	false	false	1
UGT2B7	false	true	false	false	1
UGT2B10	false	true	false	false	1
UGT2B11	false	true	false	false	1
UGT2B15	false	true	false	false	1
UGT2B17	false	true	false	false	1
UGT2B28	false	true	false	false	1
UGT3A1	false	true	false	false	1
UHRF1BP1L	false	true	false	false	1
ULBP1	false	true	false	false	1
ULBP2	false	true	false	false	1
ULBP3	false	true	false	false	1
USP9X	false	true	false	false	1
USP17L1	false	true	false	false	1
USP17L2	false	true	false	false	1
USP17L3	false	true	false	false	1
USP17L4	false	true	false	false	1
USP17L5	false	true	false	false	1
USP17L7	false	true	false	false	1
USP17L8	false	true	false	false	1
USP17L10	false	true	false	false	1
USP17L11	false	true	false	false	1
USP17L12	false	true	false	false	1
USP17L13	false	true	false	false	1
USP17L15	false	true	false	false	1
USP17L17	false	true	false	false	1
USP17L18	false	true	false	false	1
USP17L19	false	true	false	false	1
USP17L20	false	true	false	false	1
USP17L21	false	true	false	false	1
USP17L22	false	true	false	false	1
USP17L23	false	true	true	false	2
USP17L24	false	true	true	false	2
USP17L25	false	true	true	false	2
USP17L26	false	true	true	false	2
USP17L27	false	true	true	false	2
USP17L28	false	true	false	false	1
USP17L29	false	true	true	false	2
USP17L30	false	true	true	false	2
USP26	false	true	false	false	1
UTF1	false	true	false	false	1
UTS2R	false	true	false	false	1
VCX	false	true	true	false	2
VCY1B	false	true	true	false	2
VENTX	false	true	true	false	2
VMA21	false	true	false	false	1
VN1R1	false	true	true	false	2
VN1R2	false	true	false	false	1
VSTM1	false	true	true	false	2
VWDE	false	true	false	false	1
WBP11	false	true	false	false	1
WDR83	false	true	false	false	1
WDR83OS	false	true	false	false	1
WDR87	false	true	false	false	1
WDR97	false	true	false	false	1
WFDC6	false	true	false	false	1
WFDC10B	false	true	false	false	1
WWC3	false	true	true	false	2
XAGE2	false	true	true	false	2
XAGE3	false	true	true	false	2
XAGE5	false	true	true	false	2
XG	false	true	true	false	2
XKR3	false	true	true	false	2
XNDC1N	false	true	true	false	2
YJEFN3	false	true	false	false	1
YY2	false	true	false	false	1
ZACN	false	true	true	false	2
ZBED1	false	true	true	false	2
ZBED2	false	true	false	false	1
ZBED5	false	true	false	false	1
ZBED8	false	true	false	false	1
ZC3H10	false	true	false	false	1
ZCWPW2	false	true	false	false	1
ZFP69B	false	true	true	false	2
ZFY	false	true	false	false	1
ZFYVE16	false	true	false	false	1
ZGRF1	false	true	false	false	1
ZIM2	false	true	true	false	2
ZIM3	false	true	true	false	2
ZKSCAN3	false	true	false	false	1
ZMAT4	false	true	false	false	1
ZNF3	false	true	false	false	1
ZNF10	false	true	true	false	2
ZNF14	false	true	false	false	1
ZNF16	false	true	true	false	2
ZNF17	false	true	true	false	2
ZNF19	false	true	true	false	2
ZNF26	false	true	true	false	2
ZNF28	false	true	false	false	1
ZNF30	false	true	true	false	2
ZNF33A	false	true	true	false	2
ZNF33B	false	true	true	false	2
ZNF37A	false	true	true	false	2
ZNF41	false	true	true	false	2
ZNF43	false	true	false	false	1
ZNF57	false	true	true	false	2
ZNF66	false	true	true	false	2
ZNF70	false	true	true	false	2
ZNF71	false	true	true	false	2
ZNF74	false	true	true	false	2
ZNF75A	false	true	true	false	2
ZNF75D	false	true	true	false	2
ZNF79	false	true	true	false	2
ZNF80	false	true	true	false	2
ZNF81	false	true	true	false	2
ZNF83	false	true	false	false	1
ZNF84	false	true	true	false	2
ZNF90	false	true	true	false	2
ZNF91	false	true	false	false	1
ZNF93	false	true	false	false	1
ZNF98	false	true	true	false	2
ZNF99	false	true	false	false	1
ZNF100	false	true	true	false	2
ZNF107	false	true	false	false	1
ZNF114	false	true	true	false	2
ZNF117	false	true	true	false	2
ZNF132	false	true	true	false	2
ZNF133	false	true	true	false	2
ZNF135	false	true	true	false	2
ZNF136	false	true	false	false	1
ZNF140	false	true	true	false	2
ZNF141	false	true	true	false	2
ZNF155	false	true	true	false	2
ZNF157	false	true	true	false	2
ZNF165	false	true	true	false	2
ZNF175	false	true	false	false	1
ZNF177	false	true	true	false	2
ZNF181	false	true	true	false	2
ZNF184	false	true	false	false	1
ZNF197	false	true	true	false	2
ZNF208	false	true	false	false	1
ZNF211	false	true	true	false	2
ZNF214	false	true	true	false	2
ZNF215	false	true	true	false	2
ZNF221	false	true	false	false	1
ZNF222	false	true	true	false	2
ZNF223	false	true	true	false	2
ZNF224	false	true	true	false	2
ZNF225	false	true	true	false	2
ZNF227	false	true	true	false	2
ZNF229	false	true	true	false	2
ZNF230	false	true	true	false	2
ZNF232	false	true	true	false	2
ZNF234	false	true	true	false	2
ZNF235	false	true	false	false	1
ZNF253	false	true	true	false	2
ZNF254	false	true	false	false	1
ZNF264	false	true	true	false	2
ZNF267	false	true	false	false	1
ZNF268	false	true	false	false	1
ZNF275	false	true	false	false	1
ZNF280A	false	true	true	false	2
ZNF283	false	true	true	false	2
ZNF284	false	true	false	false	1
ZNF285	false	true	true	false	2
ZNF300	false	true	false	false	1
ZNF302	false	true	true	false	2
ZNF311	false	true	true	false	2
ZNF320	false	true	true	false	2
ZNF331	false	true	true	false	2
ZNF333	false	true	true	false	2
ZNF343	false	true	true	false	2
ZNF347	false	true	false	false	1
ZNF350	false	true	true	false	2
ZNF385A	false	true	false	false	1
ZNF385D	false	true	true	false	2
ZNF391	false	true	true	false	2
ZNF396	false	true	true	false	2
ZNF404	false	true	true	false	2
ZNF415	false	true	true	false	2
ZNF416	false	true	false	false	1
ZNF417	false	true	true	false	2
ZNF425	false	true	true	false	2
ZNF429	false	true	false	false	1
ZNF430	false	true	true	false	2
ZNF431	false	true	true	false	2
ZNF432	false	true	true	false	2
ZNF461	false	true	true	false	2
ZNF468	false	true	true	false	2
ZNF470	false	true	true	false	2
ZNF471	false	true	true	false	2
ZNF479	false	true	true	false	2
ZNF484	false	true	true	false	2
ZNF485	false	true	true	false	2
ZNF486	false	true	true	false	2
ZNF490	false	true	false	false	1
ZNF493	false	true	false	false	1
ZNF497	false	true	true	false	2
ZNF500	false	true	true	false	2
ZNF501	false	true	true	false	2
ZNF502	false	true	true	false	2
ZNF506	false	true	false	false	1
ZNF514	false	true	true	false	2
ZNF517	false	true	true	false	2
ZNF525	false	true	true	false	2
ZNF527	false	true	true	false	2
ZNF528	false	true	true	false	2
ZNF529	false	true	true	false	2
ZNF530	false	true	true	false	2
ZNF534	false	true	true	false	2
ZNF540	false	true	true	false	2
ZNF543	false	true	true	false	2
ZNF544	false	true	true	false	2
ZNF546	false	true	true	false	2
ZNF547	false	true	true	false	2
ZNF550	false	true	true	false	2
ZNF559	false	true	true	false	2
ZNF564	false	true	true	false	2
ZNF565	false	true	true	false	2
ZNF567	false	true	true	false	2
ZNF568	false	true	false	false	1
ZNF571	false	true	true	false	2
ZNF572	false	true	true	false	2
ZNF573	false	true	true	false	2
ZNF576	false	true	true	false	2
ZNF577	false	true	true	false	2
ZNF578	false	true	true	false	2
ZNF581	false	true	true	false	2
ZNF585A	false	true	false	false	1
ZNF585B	false	true	false	false	1
ZNF587	false	true	true	false	2
ZNF589	false	true	true	false	2
ZNF593OS	false	true	true	false	2
ZNF594	false	true	true	false	2
ZNF596	false	true	true	false	2
ZNF599	false	true	true	false	2
ZNF600	false	true	false	false	1
ZNF607	false	true	true	false	2
ZNF611	false	true	true	false	2
ZNF613	false	true	true	false	2
ZNF614	false	true	true	false	2
ZNF615	false	true	true	false	2
ZNF616	false	true	false	false	1
ZNF619	false	true	true	false	2
ZNF620	false	true	true	false	2
ZNF621	false	true	true	false	2
ZNF624	false	true	false	false	1
ZNF625	false	true	true	false	2
ZNF626	false	true	false	false	1
ZNF630	false	true	true	false	2
ZNF649	false	true	true	false	2
ZNF653	false	true	false	false	1
ZNF658	false	true	true	false	2
ZNF660	false	true	true	false	2
ZNF662	false	true	true	false	2
ZNF670	false	true	false	false	1
ZNF671	false	true	true	false	2
ZNF675	false	true	true	false	2
ZNF676	false	true	true	false	2
ZNF677	false	true	true	false	2
ZNF679	false	true	false	false	1
ZNF681	false	true	false	false	1
ZNF683	false	true	false	false	1
ZNF684	false	true	true	false	2
ZNF696	false	true	true	false	2
ZNF699	false	true	false	false	1
ZNF701	false	true	true	false	2
ZNF707	false	true	false	false	1
ZNF708	false	true	true	false	2
ZNF709	false	true	false	false	1
ZNF710	false	true	false	false	1
ZNF713	false	true	true	false	2
ZNF714	false	true	true	false	2
ZNF716	false	true	false	false	1
ZNF717	false	true	true	false	2
ZNF718	false	true	false	false	1
ZNF722	false	true	true	false	2
ZNF724	false	true	true	false	2
ZNF726	false	true	false	false	1
ZNF728	false	true	true	false	2
ZNF729	false	true	false	false	1
ZNF730	false	true	true	false	2
ZNF732	false	true	true	false	2
ZNF735	false	true	true	false	2
ZNF737	false	true	true	false	2
ZNF761	false	true	true	false	2
ZNF765	false	true	true	false	2
ZNF766	false	true	true	false	2
ZNF774	false	true	true	false	2
ZNF776	false	true	true	false	2
ZNF780B	false	true	false	false	1
ZNF782	false	true	false	false	1
ZNF783	false	true	true	false	2
ZNF785	false	true	true	false	2
ZNF789	false	true	true	false	2
ZNF805	false	true	true	false	2
ZNF808	false	true	false	false	1
ZNF813	false	true	true	false	2
ZNF814	false	true	false	false	1
ZNF816	false	true	true	false	2
ZNF829	false	true	true	false	2
ZNF835	false	true	true	false	2
ZNF836	false	true	false	false	1
ZNF841	false	true	true	false	2
ZNF844	false	true	false	false	1
ZNF846	false	true	true	false	2
ZNF852	false	true	false	false	1
ZNF860	false	true	true	false	2
ZNF862	false	true	true	false	2
ZNF875	false	true	true	false	2
ZNF880	false	true	true	false	2
ZNF888	false	true	true	false	2
ZP4	false	true	true	false	2
ZSCAN1	false	true	true	false	2
ZSCAN4	false	true	false	false	1
ZSCAN9	false	true	true	false	2
ZSCAN16	false	true	true	false	2
ZSCAN23	false	true	true	false	2
ZSCAN30	false	true	false	false	1
ZSCAN31	false	true	true	false	2
ZSCAN32	false	true	true	false	2
ZXDA	false	true	false	false	1
ZXDB	false	true	false	false	1
APOBEC3H	false	false	true	false	1
ARL17B	false	false	true	false	1
ASDURF	false	false	true	false	1
BEND2	false	false	true	false	1
C2orf16	false	false	true	false	1
C2orf92	false	false	true	false	1
C3orf49	false	false	true	false	1
C10orf95	false	false	true	false	1
C17orf114	false	false	true	false	1
C18orf63	false	false	true	false	1
CC2D2B	false	false	true	false	1
CCDC195	false	false	true	false	1
CCDC196	false	false	true	false	1
CFAP92	false	false	true	false	1
CNTNAP3C	false	false	true	false	1
CPAMD8	false	false	true	false	1
CSNK2A3	false	false	true	false	1
CT45A5	false	false	true	false	1
CT45A8	false	false	true	false	1
CTAG1B	false	false	true	false	1
CTAGE4	false	false	true	false	1
CTAGE6	false	false	true	false	1
CYP3A7	false	false	true	false	1
DCAF8L2	false	false	true	false	1
DEFB107A	false	false	true	false	1
DEFB108B	false	false	true	false	1
DEFB121	false	false	true	false	1
DEFB127	false	false	true	false	1
DEFB134	false	false	true	false	1
DERPC	false	false	true	false	1
DPEP2NB	false	false	true	false	1
DUX4	false	false	true	false	1
FAM90A16	false	false	true	false	1
FAM90A18	false	false	true	false	1
FAM236C	false	false	true	false	1
FAM237A	false	false	true	false	1
FAXDC2	false	false	true	false	1
FCRL4	false	false	true	false	1
FLG	false	false	true	false	1
FOXL3	false	false	true	false	1
GGTLC3	false	false	true	false	1
GOLGA8Q	false	false	true	false	1
GOLGA8R	false	false	true	false	1
GOLGA8S	false	false	true	false	1
GOLGA8T	false	false	true	false	1
GREP1	false	false	true	false	1
GUCA1ANB	false	false	true	false	1
H2AB3	false	false	true	false	1
H2AC8	false	false	true	false	1
H2AL3	false	false	true	false	1
H2BC7	false	false	true	false	1
H2BC8	false	false	true	false	1
H3-5	false	false	true	false	1
H3C3	false	false	true	false	1
H3C8	false	false	true	false	1
H4C5	false	false	true	false	1
H4C9	false	false	true	false	1
HBA1	false	false	true	false	1
HLA-DQB1	false	false	true	false	1
HNRNPCL4	false	false	true	false	1
HTD2	false	false	true	false	1
KRBOX1	false	false	true	false	1
KRBOX4	false	false	true	false	1
KRT6C	false	false	true	false	1
KRTAP1-4	false	false	true	false	1
KRTAP4-2	false	false	true	false	1
KRTAP4-4	false	false	true	false	1
KRTAP4-7	false	false	true	false	1
KRTAP4-16	false	false	true	false	1
KRTAP10-9	false	false	true	false	1
LGALS13	false	false	true	false	1
LGALS14	false	false	true	false	1
LGALS16	false	false	true	false	1
LIMS3	false	false	true	false	1
LIMS4	false	false	true	false	1
LRRC37A2	false	false	true	false	1
LRRC37B	false	false	true	false	1
MARCOL	false	false	true	false	1
MGAM2	false	false	true	false	1
MINDY4B	false	false	true	false	1
MMP24OS	false	false	true	false	1
MS4A4E	false	false	true	false	1
MSANTD5	false	false	true	false	1
MT-ND1	false	false	true	false	1
MT1HL1	false	false	true	false	1
NCBP2AS2	false	false	true	false	1
NDUFB1	false	false	true	false	1
NFILZ	false	false	true	false	1
NPY4R2	false	false	true	false	1
NUDT4B	false	false	true	false	1
OR2A1	false	false	true	false	1
OR2S2	false	false	true	false	1
OR2T2	false	false	true	false	1
OR4M2B	false	false	true	false	1
OR4N4C	false	false	true	false	1
OR4X1	false	false	true	false	1
OR5A2	false	false	true	false	1
OR5AC2	false	false	true	false	1
OR13C2	false	false	true	false	1
OR13C5	false	false	true	false	1
OR13C9	false	false	true	false	1
OR14I1	false	false	true	false	1
OR51L1	false	false	true	false	1
OR52B6	false	false	true	false	1
OR52E6	false	false	true	false	1
OR52N1	false	false	true	false	1
PIGBOS1	false	false	true	false	1
PLGLB2	false	false	true	false	1
PNMA6E	false	false	true	false	1
PNMA6F	false	false	true	false	1
PRAMEF9	false	false	true	false	1
PRDM7	false	false	true	false	1
PRR23D1	false	false	true	false	1
PRR23D2	false	false	true	false	1
PSG7	false	false	true	false	1
PTTG1IP2	false	false	true	false	1
PYDC2	false	false	true	false	1
RBMY1F	false	false	true	false	1
RSPH10B2	false	false	true	false	1
RTL8C	false	false	true	false	1
SAGE1	false	false	true	false	1
SDR42E2	false	false	true	false	1
SELENOV	false	false	true	false	1
SETSIP	false	false	true	false	1
SHLD3	false	false	true	false	1
SMIM32	false	false	true	false	1
SMIM39	false	false	true	false	1
SMIM40	false	false	true	false	1
SMIM43	false	false	true	false	1
SPDYE8	false	false	true	false	1
SPDYE9	false	false	true	false	1
SPDYE11	false	false	true	false	1
SPDYE13	false	false	true	false	1
SPDYE14	false	false	true	false	1
SPDYE15	false	false	true	false	1
SPDYE17	false	false	true	false	1
SPDYE21	false	false	true	false	1
SPINK9	false	false	true	false	1
SRRM5	false	false	true	false	1
SSX2	false	false	true	false	1
SSX4	false	false	true	false	1
STMP1	false	false	true	false	1
TCP11X1	false	false	true	false	1
THSD8	false	false	true	false	1
TMEM191B	false	false	true	false	1
TMEM250	false	false	true	false	1
TMEM271	false	false	true	false	1
TPSB2	false	false	true	false	1
TRAPPC2B	false	false	true	false	1
TRIM22	false	false	true	false	1
TUBA3C	false	false	true	false	1
TVP23C	false	false	true	false	1
UBE2L5	false	false	true	false	1
ZBED9	false	false	true	false	1
ZC3H11B	false	false	true	false	1
ZNF20	false	false	true	false	1
ZNF34	false	false	true	false	1
ZNF69	false	false	true	false	1
ZNF77	false	false	true	false	1
ZNF92	false	false	true	false	1
ZNF121	false	false	true	false	1
ZNF124	false	false	true	false	1
ZNF134	false	false	true	false	1
ZNF154	false	false	true	false	1
ZNF200	false	false	true	false	1
ZNF233	false	false	true	false	1
ZNF256	false	false	true	false	1
ZNF257	false	false	true	false	1
ZNF273	false	false	true	false	1
ZNF304	false	false	true	false	1
ZNF337	false	false	true	false	1
ZNF345	false	false	true	false	1
ZNF439	false	false	true	false	1
ZNF440	false	false	true	false	1
ZNF441	false	false	true	false	1
ZNF443	false	false	true	false	1
ZNF460	false	false	true	false	1
ZNF469	false	false	true	false	1
ZNF480	false	false	true	false	1
ZNF491	false	false	true	false	1
ZNF510	false	false	true	false	1
ZNF548	false	false	true	false	1
ZNF549	false	false	true	false	1
ZNF552	false	false	true	false	1
ZNF554	false	false	true	false	1
ZNF555	false	false	true	false	1
ZNF556	false	false	true	false	1
ZNF560	false	false	true	false	1
ZNF570	false	false	true	false	1
ZNF582	false	false	true	false	1
ZNF584	false	false	true	false	1
ZNF586	false	false	true	false	1
ZNF587B	false	false	true	false	1
ZNF627	false	false	true	false	1
ZNF669	false	false	true	false	1
ZNF674	false	false	true	false	1
ZNF678	false	false	true	false	1
ZNF680	false	false	true	false	1
ZNF700	false	false	true	false	1
ZNF705A	false	false	true	false	1
ZNF705D	false	false	true	false	1
ZNF723	false	false	true	false	1
ZNF738	false	false	true	false	1
ZNF747	false	false	true	false	1
ZNF749	false	false	true	false	1
ZNF763	false	false	true	false	1
ZNF772	false	false	true	false	1
ZNF792	false	false	true	false	1
ZNF793	false	false	true	false	1
ZNF837	false	false	true	false	1
ZNF878	false	false	true	false	1
ZNF891	false	false	true	false	1
c22orf45	false	false	false	true	1
ENST00000440429	false	false	false	true	1
ENST00000416759	false	false	false	true	1
ENST00000398976	false	false	false	true	1
ENST00000413098	false	false	false	true	1
LINC02073	false	false	false	true	1
ENST00000408895	false	false	false	true	1
ENST00000412222	false	false	false	true	1
ENST00000443383	false	false	false	true	1
ENST00000369474	false	false	false	true	1
ENST00000440128	false	false	false	true	1
ENST00000439540	false	false	false	true	1
ENST00000426719	false	false	false	true	1
LINC02370	false	false	false	true	1
ENST00000378936	false	false	false	true	1
ENST00000398830	false	false	false	true	1
ENST00000429826	false	false	false	true	1
ENST00000445321	false	false	false	true	1
ENST00000391613	false	false	false	true	1
ENST00000421885	false	false	false	true	1
ENST00000451773	false	false	false	true	1
ENST00000313693	false	false	false	true	1
ENST00000425314	false	false	false	true	1
ENST00000378537	false	false	false	true	1
ENST00000446051	false	false	false	true	1
ENST00000360706	false	false	false	true	1
ENST00000361187	false	false	false	true	1
ENST00000369468	false	false	false	true	1
ENST00000358421	false	false	false	true	1
ENST00000382514	false	false	false	true	1
ENST00000328030	false	false	false	true	1
ENST00000343077	false	false	false	true	1
ENST00000382641	false	false	false	true	1
ENST00000376812	false	false	false	true	1
ENST00000356354	false	false	false	true	1
ENST00000403504	false	false	false	true	1
PKP4-AS1	false	false	false	true	1
ENST00000295075	false	false	false	true	1
ENST00000375012	false	false	false	true	1
ENST00000380709	false	false	false	true	1
ENST00000376181	false	false	false	true	1
ENST00000372896	false	false	false	true	1
ENST00000379167	false	false	false	true	1
ENST00000375768	false	false	false	true	1
ENST00000318084	false	false	false	true	1
ENST00000326801	false	false	false	true	1
ENST00000382842	false	false	false	true	1
ENST00000398378	false	false	false	true	1
ENST00000258741	false	false	false	true	1
ENST00000382805	false	false	false	true	1
ACOXL-AS1	false	false	false	true	1
PCBP3-AS1	false	false	false	true	1
ENST00000315897	false	false	false	true	1
ENST00000377180	false	false	false	true	1
ENST00000391387	false	false	false	true	1
ENST00000360340	false	false	false	true	1
ENST00000379854	false	false	false	true	1
