Gene	Ensembl	MGI	2011 paper	2019 paper	Sum
DNAH10OS	true	true	true	true	4
ZNF843	true	true	true	true	4
AMY1A	true	true	false	true	3
ANGPTL5	true	true	false	true	3
ANKRD30A	true	true	false	true	3
ANKRD30BL	true	true	false	true	3
ARHGEF35	true	true	false	true	3
C20orf203	true	true	false	true	3
CLTCL1	true	true	false	true	3
CSAG1	true	true	false	true	3
DEFB114	true	true	false	true	3
FAM153A	true	true	false	true	3
GAGE1	true	true	false	true	3
GAGE2A	true	true	false	true	3
GAGE10	true	true	false	true	3
GAGE12E	true	true	false	true	3
GOLGA6L10	true	true	false	true	3
H3C14	true	true	false	true	3
H4C14	true	true	false	true	3
HTR3E	true	true	false	true	3
IL26	true	true	false	true	3
MYEOV	true	true	false	true	3
NBPF1	true	true	false	true	3
NBPF3	true	true	false	true	3
NBPF10	true	true	false	true	3
NBPF12	true	true	false	true	3
NBPF14	true	true	false	true	3
NBPF15	true	true	false	true	3
NOTCH2NLA	true	true	false	true	3
NPIPA1	true	true	false	true	3
NPIPB3	true	true	false	true	3
NPIPB9	true	true	false	true	3
NPIPB11	true	true	false	true	3
OR2T7	true	true	false	true	3
OR4K3	true	true	false	true	3
OR10J4	true	true	false	true	3
OR11H1	true	true	false	true	3
PBOV1	true	true	false	true	3
POLR2J2	true	true	false	true	3
PRR20B	true	true	false	true	3
RAB6C	true	true	false	true	3
RGPD5	true	true	false	true	3
SPANXA1	true	true	false	true	3
SPANXA2	true	true	false	true	3
SPANXB1	true	true	false	true	3
SPANXC	true	true	false	true	3
SPANXD	true	true	false	true	3
SPANXN1	true	true	false	true	3
SPANXN2	true	true	false	true	3
SPANXN3	true	true	false	true	3
SPANXN5	true	true	false	true	3
TBC1D3	true	true	false	true	3
TBC1D26	true	true	false	true	3
TP53TG3	true	true	false	true	3
TP53TG3C	true	true	false	true	3
TP53TG3D	true	true	false	true	3
VCX2	true	true	false	true	3
VCX3A	true	true	false	true	3
VCX3B	true	true	false	true	3
VCY	true	true	false	true	3
VNN2	true	true	false	true	3
XAGE1A	true	true	false	true	3
XAGE1B	true	true	false	true	3
ZNF138	true	true	false	true	3
ZNF492	true	true	false	true	3
ABCA10	true	true	false	false	2
ABCC11	true	true	false	false	2
ACSM6	true	true	false	false	2
ACTL8	true	true	false	false	2
ADA2	true	true	false	false	2
ADGRD2	true	true	false	false	2
ADIRF	true	true	false	false	2
ADM5	true	true	false	false	2
AKR1C8	true	true	false	false	2
AMY1B	true	false	false	true	2
AMY2A	true	false	false	true	2
AMY2B	true	false	false	true	2
ANHX	true	true	false	false	2
ANKRD30B	true	true	false	false	2
ANKRD36	true	true	false	false	2
ANKRD36B	true	true	false	false	2
ANKRD36C	true	true	false	false	2
APCDD1L	true	true	false	false	2
APOBEC3A	true	true	false	false	2
APOBEC3A_B	true	true	false	false	2
APOBEC3C	true	true	false	false	2
APOBEC3G	true	true	false	false	2
APOL5	true	true	false	false	2
AQP7B	true	true	false	false	2
AQP10	true	true	false	false	2
ARGFX	true	true	false	false	2
ARMS2	true	true	false	false	2
ARSD	true	true	false	false	2
ARSF	true	true	false	false	2
ARSH	true	true	false	false	2
ARSL	true	true	false	false	2
ASMTL	true	true	false	false	2
ATXN8	true	true	false	false	2
AZU1	true	true	false	false	2
BAGE	true	true	false	false	2
BAGE3	true	true	false	false	2
BAGE4	true	true	false	false	2
BAGE5	true	true	false	false	2
BAZ2A	true	false	false	true	2
BCAS4	true	true	false	false	2
BEST4	true	true	false	false	2
BEX5	true	true	false	false	2
BLID	true	true	false	false	2
BPY2	true	true	false	false	2
BPY2B	true	true	false	false	2
BPY2C	true	true	false	false	2
C1GALT1C1L	true	true	false	false	2
C1orf167	true	true	false	false	2
C1QTNF8	true	true	false	false	2
C2orf15	true	true	false	false	2
C2orf83	true	true	false	false	2
C4B_2	true	true	false	false	2
C4BPB	true	true	false	false	2
C5orf38	true	true	false	false	2
C5orf58	true	true	false	false	2
C5orf60	true	true	false	false	2
C6orf52	true	true	false	false	2
C6orf223	true	true	false	false	2
C7orf33	true	true	false	false	2
C7orf77	true	true	false	false	2
C8orf86	true	true	false	false	2
C8orf88	true	true	false	false	2
C9orf92	true	true	false	false	2
C9orf129	true	true	false	false	2
C10orf126	true	true	false	false	2
C11orf21	true	true	false	false	2
C12orf76	true	true	false	false	2
C14orf178	true	true	false	false	2
C16orf82	true	true	false	false	2
C17orf113	true	true	false	false	2
C19orf73	true	true	false	false	2
C22orf31	true	true	false	false	2
C22orf42	true	true	false	false	2
CALML6	true	true	false	false	2
CAPN14	true	true	false	false	2
CAPS	true	true	false	false	2
CARD8	true	true	false	false	2
CARD16	true	true	false	false	2
CARD17	true	true	false	false	2
CARD18	true	true	false	false	2
CASP10	true	true	false	false	2
CASTOR3	true	false	false	true	2
CBLL2	true	true	false	false	2
CBWD1	true	false	false	true	2
CBWD2	true	false	false	true	2
CCDC102B	true	true	false	false	2
CCDC144A	true	true	false	false	2
CCDC197	true	true	false	false	2
CCL4L1	true	false	false	true	2
CCL14	true	true	false	false	2
CCL16	true	true	false	false	2
CCNI2	true	true	false	false	2
CCNP	true	true	false	false	2
CD1A	true	true	false	false	2
CD1B	true	true	false	false	2
CD1C	true	true	false	false	2
CD1E	true	true	false	false	2
CD58	true	true	false	false	2
CD163L1	true	true	false	false	2
CD300H	true	true	false	false	2
CDRT15	true	true	false	false	2
CDRT15L2	true	true	false	false	2
CDY1	true	true	false	false	2
CDY1B	true	true	false	false	2
CDY2A	true	true	false	false	2
CEMP1	true	true	false	false	2
CENPVL1	true	true	false	false	2
CENPVL2	true	true	false	false	2
CENPVL3	true	true	false	false	2
CETP	true	true	false	false	2
CFHR5	true	true	false	false	2
CGB3	true	true	false	false	2
CGB5	true	true	false	false	2
CHI3L2	true	true	false	false	2
CHMP4A	true	true	false	false	2
CLC	true	true	false	false	2
CLEC2A	true	true	false	false	2
CLEC2B	true	true	false	false	2
CLEC17A	true	true	false	false	2
CLEC19A	true	true	false	false	2
CLEC20A	true	true	false	false	2
CLECL1	true	true	false	false	2
CLIC2	true	true	false	false	2
CLPSL1	true	true	false	false	2
CLUL1	true	true	false	false	2
COA1	true	true	false	false	2
COL21A1	true	true	false	false	2
CPHXL2	true	true	false	false	2
CPO	true	true	false	false	2
CSAG2	true	true	false	false	2
CSAG3	true	true	false	false	2
CSKMT	true	true	false	false	2
CT47A1	true	true	false	false	2
CT47A2	true	true	false	false	2
CT47A3	true	true	false	false	2
CT47A4	true	true	false	false	2
CT47A5	true	true	false	false	2
CT47A6	true	true	false	false	2
CT47A7	true	true	false	false	2
CT47A8	true	true	false	false	2
CT47A9	true	true	false	false	2
CT47A10	true	true	false	false	2
CT47A11	true	true	false	false	2
CT47A12	true	true	false	false	2
CT47B1	true	true	false	false	2
CT83	true	true	false	false	2
CXCL8	true	true	false	false	2
CXorf51A	true	true	false	false	2
CXorf51B	true	true	false	false	2
CYP27C1	true	true	false	false	2
DAOA	true	true	false	false	2
DBF4B	true	true	false	false	2
DCAF16	true	true	false	false	2
DCANP1	true	true	false	false	2
DCD	true	true	false	false	2
DCDC1	true	true	false	false	2
DDX53	true	true	false	false	2
DDX60L	true	true	false	false	2
DEFB4A	true	true	false	false	2
DEFB4B	true	false	false	true	2
DEFB106A	true	false	false	true	2
DEFB112	true	true	false	false	2
DEPDC4	true	true	false	false	2
DHRS12	true	true	false	false	2
DIRAS3	true	true	false	false	2
DMRTC1B	true	false	false	true	2
DPRX	true	true	false	false	2
DRICH1	true	true	false	false	2
DSG3	true	false	false	true	2
DUX1	true	true	false	false	2
DUX3	true	true	false	false	2
DUX5	true	true	false	false	2
DUXA	true	true	false	false	2
DUXB	true	true	false	false	2
EBLN1	true	true	false	false	2
EBLN2	true	true	false	false	2
EIF1AY	true	false	false	true	2
ELSPBP1	true	true	false	false	2
ENOSF1	true	true	false	false	2
ERAP2	true	true	false	false	2
ERV3-1	true	true	false	false	2
ERVMER34-1	true	true	false	false	2
ERVV-1	true	true	false	false	2
ERVV-2	true	true	false	false	2
ETV7	true	true	false	false	2
EVPLL	true	true	false	false	2
EXD3	true	true	false	false	2
EYS	true	true	false	false	2
FAAH2	true	true	false	false	2
FAM9A	true	true	false	false	2
FAM47B	true	true	false	false	2
FAM71C	true	true	false	false	2
FAM104B	true	true	false	false	2
FAM111B	true	true	false	false	2
FAM120AOS	true	true	false	false	2
FAM153B	true	true	false	false	2
FAM177B	true	true	false	false	2
FAM180B	true	true	false	false	2
FAM200A	true	true	false	false	2
FAM200B	true	true	false	false	2
FAM240C	true	true	false	false	2
FAM246A	true	true	false	false	2
FAM246B	true	true	false	false	2
FAM246C	true	true	false	false	2
FBN3	true	true	false	false	2
FCAR	true	true	false	false	2
FCN3	true	true	false	false	2
FCRL3	true	true	false	false	2
FDCSP	true	true	false	false	2
FGFBP2	true	true	false	false	2
FOXL2NB	true	true	false	false	2
FOXO3B	true	true	false	false	2
FRMD1	true	true	false	false	2
FTCDNL1	true	true	false	false	2
FUT3	true	true	false	false	2
FUT5	true	true	false	false	2
FUT6	true	true	false	false	2
GAGE2B	true	true	false	false	2
GAGE2C	true	true	false	false	2
GAGE2D	true	true	false	false	2
GAGE2E	true	true	false	false	2
GAGE4	true	true	false	false	2
GAGE5	true	true	false	false	2
GAGE6	true	true	false	false	2
GAGE7	true	true	false	false	2
GAGE8	true	true	false	false	2
GAGE12B	true	true	false	false	2
GAGE12C	true	true	false	false	2
GAGE12D	true	true	false	false	2
GAGE12F	true	true	false	false	2
GAGE12G	true	true	false	false	2
GAGE12H	true	true	false	false	2
GAGE12I	true	true	false	false	2
GAGE12J	true	true	false	false	2
GAGE13	true	true	false	false	2
GALNT8	true	true	false	false	2
GBA3	true	true	false	false	2
GCNA	true	true	false	false	2
GCSAML	true	true	false	false	2
GIMAP2	true	true	false	false	2
GJA9	true	true	false	false	2
GJB7	true	true	false	false	2
GLI4	true	true	false	false	2
GLUD2	true	false	false	true	2
GLYATL1	true	true	false	false	2
GLYATL1B	true	true	false	false	2
GLYATL2	true	true	false	false	2
GNLY	true	true	false	false	2
GNRH2	true	true	false	false	2
GOLGA6L1	true	true	false	false	2
GOLGA6L2	true	true	false	false	2
GOLGA6L4	true	true	false	false	2
GOLGA6L6	true	true	false	false	2
GOLGA6L7	true	true	false	false	2
GOLGA6L9	true	true	false	false	2
GOLGA6L19	true	true	false	false	2
GOLGA6L22	true	true	false	false	2
GPR32	true	true	false	false	2
GPR78	true	true	false	false	2
GPR148	true	true	false	false	2
GRK7	true	true	false	false	2
GSDMB	true	true	false	false	2
GSTA4	true	true	false	false	2
GSTT1	true	true	false	false	2
GTF2H2C_2	true	true	false	false	2
GUCA1C	true	true	false	false	2
GVQW3	true	true	false	false	2
GYG2	true	true	false	false	2
H2AC7	true	true	false	false	2
H2AC11	true	true	false	false	2
H2AC12	true	true	false	false	2
H2AC13	true	true	false	false	2
H2AC14	true	true	false	false	2
H2AC15	true	true	false	false	2
H2AC16	true	true	false	false	2
H2AC17	true	true	false	false	2
H2AC19	true	false	false	true	2
H2BC4	true	true	false	false	2
H2BC6	true	true	false	false	2
H2BC10	true	true	false	false	2
H2BC12	true	true	false	false	2
H2BC12L	true	true	false	false	2
H2BC17	true	true	false	false	2
H2BC21	true	true	false	false	2
H2BK1	true	true	false	false	2
H3-4	true	true	false	false	2
H3-7	true	true	false	false	2
H3C1	true	true	false	false	2
H3C2	true	true	false	false	2
H3C6	true	true	false	false	2
H3C10	true	true	false	false	2
H3C11	true	true	false	false	2
H3C12	true	true	false	false	2
H3Y1	true	true	false	false	2
H3Y2	true	true	false	false	2
H4C1	true	true	false	false	2
H4C2	true	true	false	false	2
H4C3	true	true	false	false	2
H4C4	true	true	false	false	2
H4C6	true	true	false	false	2
H4C7	true	true	false	false	2
H4C8	true	true	false	false	2
H4C11	true	true	false	false	2
H4C13	true	true	false	false	2
HBM	true	true	false	false	2
HCG22	true	true	false	false	2
HEPN1	true	true	false	false	2
HERC5	true	true	false	false	2
HES4	true	true	false	false	2
HHLA2	true	true	false	false	2
HLA-DPA1	true	true	false	false	2
HLA-DPB1	true	true	false	false	2
HLA-DRB3	true	true	false	false	2
HLA-DRB4	true	true	false	false	2
HMGN4	true	true	false	false	2
HMHB1	true	true	false	false	2
HMSD	true	true	false	false	2
HNRNPA1L3	true	true	false	false	2
HRURF	true	true	false	false	2
HSD11B1L	true	true	false	false	2
HSFX1	true	true	false	false	2
HSFX2	true	true	false	false	2
HSFX3	true	true	false	false	2
HSFX4	true	true	false	false	2
HSPA6	true	true	false	false	2
HTN1	true	true	false	false	2
HTN3	true	true	false	false	2
HTR1E	true	true	false	false	2
HTR3C	true	true	false	false	2
HTR3D	true	true	false	false	2
ICAM3	true	true	false	false	2
IFI6	true	true	false	false	2
IFIT5	true	true	false	false	2
IFNL1	true	false	false	true	2
IFNL4	true	true	false	false	2
IGFL1	true	true	false	false	2
IGH	true	true	false	false	2
IGK	true	true	false	false	2
IGL	true	true	false	false	2
IGSF22	true	true	false	false	2
IL17REL	true	true	false	false	2
IL32	true	true	false	false	2
IL37	true	true	false	false	2
IQCF2	true	true	false	false	2
IQCF3	true	true	false	false	2
ITIH6	true	true	false	false	2
KAAG1	true	true	false	false	2
KCNK17	true	true	false	false	2
KIAA1107	true	true	false	false	2
KIAA1586	true	true	false	false	2
KIF25	true	true	false	false	2
KIR2DL2	true	true	false	false	2
KIR2DL5A	true	true	false	false	2
KIR2DL5B	true	true	false	false	2
KIR2DS1	true	true	false	false	2
KIR2DS2	true	true	false	false	2
KIR2DS3	true	true	false	false	2
KIR2DS5	true	true	false	false	2
KIR3DS1	true	true	false	false	2
KLLN	true	true	false	false	2
KLRF1	true	true	false	false	2
KLRF2	true	true	false	false	2
KPNA5	true	true	false	false	2
KRBA2	true	true	false	false	2
KRBOX5	true	true	false	false	2
KRT3	true	true	false	false	2
KRT37	true	true	false	false	2
KRT38	true	true	false	false	2
KRTAP5-1	true	true	false	false	2
KRTAP5-3	true	true	false	false	2
KRTAP5-7	true	true	false	false	2
KRTAP5-9	true	true	false	false	2
KRTAP5-10	true	true	false	false	2
KRTAP5-11	true	true	false	false	2
KRTAP6-3	true	true	false	false	2
KRTAP19-2	true	true	false	false	2
KRTAP20-3	true	true	false	false	2
KRTAP20-4	true	true	false	false	2
KRTAP21-1	true	true	false	false	2
KRTAP21-2	true	true	false	false	2
KRTAP21-3	true	true	false	false	2
KRTAP22-1	true	true	false	false	2
KRTAP22-2	true	true	false	false	2
KRTAP23-1	true	true	false	false	2
KRTAP25-1	true	true	false	false	2
LACRT	true	true	false	false	2
LAMB4	true	true	false	false	2
LCE1F	true	true	false	false	2
LCE3A	true	true	false	false	2
LCE4A	true	true	false	false	2
LCE7A	true	true	false	false	2
LCNL1	true	true	false	false	2
LDHAL6A	true	true	false	false	2
LEUTX	true	true	false	false	2
LGALS9B	true	false	false	true	2
LILRA3	true	true	false	false	2
LILRA6	true	true	false	false	2
LIPJ	true	true	false	false	2
LRP5L	true	true	false	false	2
LRRC51	true	true	false	false	2
LRRC53	true	true	false	false	2
LRRC70	true	true	false	false	2
LUZP4	true	true	false	false	2
LUZP6	true	true	false	false	2
MAGEA2	true	true	false	false	2
MAGEA2B	true	true	false	false	2
MAGEA3	true	false	false	true	2
MAGEA9	true	true	false	false	2
MAGEA9B	true	true	false	false	2
MAGEB3	true	true	false	false	2
MAGEB10	true	true	false	false	2
MAGEB17	true	true	false	false	2
MAGEC1	true	true	false	false	2
MAGEC2	true	true	false	false	2
MAGEC3	true	true	false	false	2
MAGED4	true	true	false	false	2
MAGED4B	true	true	false	false	2
MAGEF1	true	true	false	false	2
MAP1LC3C	true	true	false	false	2
MAS1L	true	true	false	false	2
MCCD1	true	true	false	false	2
MCF2L2	true	true	false	false	2
MCHR2	true	true	false	false	2
MED14OS	true	true	false	false	2
MEP1A	true	false	false	true	2
MFSD14C	true	true	false	false	2
MICA	true	false	false	true	2
MLN	true	true	false	false	2
MLNR	true	true	false	false	2
MMP26	true	true	false	false	2
MOGAT3	true	true	false	false	2
MPC1L	true	true	false	false	2
MTMR8	true	true	false	false	2
MUC3B	true	true	false	false	2
MUC7	true	true	false	false	2
MUC8	true	true	false	false	2
MUC12	true	true	false	false	2
MUC19	true	false	false	true	2
MUC22	true	true	false	false	2
MX2	true	true	false	false	2
MXRA5	true	true	false	false	2
MYL5	true	true	false	false	2
NACA2	true	true	false	false	2
NAIP	true	false	false	true	2
NANOGNB	true	true	false	false	2
NAT1	true	false	false	true	2
NAT16	true	true	false	false	2
NBPF4	true	true	false	false	2
NBPF6	true	true	false	false	2
NBPF9	true	true	false	false	2
NBPF11	true	true	false	false	2
NBPF19	true	true	false	false	2
NBPF20	true	true	false	false	2
NBPF26	true	true	false	false	2
NCBP2L	true	true	false	false	2
NCR2	true	true	false	false	2
NCR3LG1	true	true	false	false	2
NLGN4X	true	false	false	true	2
NLRP2B	true	true	false	false	2
NLRP8	true	true	false	false	2
NLRP11	true	true	false	false	2
NLRP13	true	true	false	false	2
NOTCH2NLB	true	true	false	false	2
NOTCH2NLC	true	true	false	false	2
NOX5	true	true	false	false	2
NPAP1	true	true	false	false	2
NPAP1L	true	true	false	false	2
NPBWR2	true	true	false	false	2
NPIPA2	true	true	false	false	2
NPIPA3	true	true	false	false	2
NPIPA5	true	true	false	false	2
NPIPA7	true	true	false	false	2
NPIPA8	true	true	false	false	2
NPIPB2	true	true	false	false	2
NPIPB4	true	true	false	false	2
NPIPB5	true	true	false	false	2
NPIPB6	true	true	false	false	2
NPIPB8	true	true	false	false	2
NPIPB12	true	true	false	false	2
NPIPB13	true	true	false	false	2
NPIPB15	true	true	false	false	2
NT5DC4	true	true	false	false	2
OOSP3	true	true	false	false	2
OOSP4A	true	true	false	false	2
OOSP4B	true	true	false	false	2
OR1C1	true	true	false	false	2
OR1D4	true	true	false	false	2
OR1G1	true	true	false	false	2
OR1J2	true	true	false	false	2
OR1K1	true	true	false	false	2
OR1L1	true	true	false	false	2
OR1L3	true	true	false	false	2
OR2AE1	true	true	false	false	2
OR2B3	true	true	false	false	2
OR2C3	true	true	false	false	2
OR2G2	true	true	false	false	2
OR2G3	true	true	false	false	2
OR2G6	true	true	false	false	2
OR2M4	true	true	false	false	2
OR2T3	true	true	false	false	2
OR2T10	true	true	false	false	2
OR2T11	true	true	false	false	2
OR2T27	true	true	false	false	2
OR2T34	true	true	false	false	2
OR3A2	true	true	false	false	2
OR3A3	true	true	false	false	2
OR4D9	true	true	false	false	2
OR4K13	true	true	false	false	2
OR4K14	true	true	false	false	2
OR4K17	true	true	false	false	2
OR4N2	true	false	false	true	2
OR4Q2	true	true	false	false	2
OR4S1	true	true	false	false	2
OR5B17	true	true	false	false	2
OR5F1	true	true	false	false	2
OR6C4	true	true	false	false	2
OR6J1	true	true	false	false	2
OR6M1	true	true	false	false	2
OR6Q1	true	true	false	false	2
OR6T1	true	true	false	false	2
OR6V1	true	true	false	false	2
OR7D2	true	true	false	false	2
OR8J2	true	true	false	false	2
OR8U8	true	true	false	false	2
OR8U9	true	true	false	false	2
OR9G9	true	true	false	false	2
OR10A7	true	true	false	false	2
OR10AC1	true	false	false	true	2
OR10R2	true	true	false	false	2
OR10T2	true	true	false	false	2
OR11H2	true	true	false	false	2
OR11H12	true	true	false	false	2
OR12D1	true	false	false	true	2
OR13C4	true	true	false	false	2
OR14A16	true	true	false	false	2
OR14K1	true	true	false	false	2
OR51A2	true	true	false	false	2
OR51A4	true	true	false	false	2
OR51B5	true	true	false	false	2
OR51J1	true	false	false	true	2
OR52A1	true	true	false	false	2
OR52E1	true	true	false	false	2
OR56A1	true	true	false	false	2
OVCH1	true	true	false	false	2
OXER1	true	true	false	false	2
P2RY8	true	true	false	false	2
P2RY11	true	true	false	false	2
PAAF1	true	true	false	false	2
PABPC1L2A	true	true	false	false	2
PABPC1L2B	true	true	false	false	2
PAEP	true	true	false	false	2
PAGE1	true	true	false	false	2
PAGE2	true	true	false	false	2
PAGE2B	true	true	false	false	2
PAGE3	true	true	false	false	2
PAGE4	true	true	false	false	2
PAGE5	true	true	false	false	2
PANO1	true	true	false	false	2
PARP15	true	true	false	false	2
PASD1	true	true	false	false	2
PCDHA@	true	true	false	false	2
PCDHB@	true	true	false	false	2
PCDHG@	true	true	false	false	2
PEAK3	true	true	false	false	2
PGA5	true	false	false	true	2
PGBD2	true	true	false	false	2
PGBD3	true	true	false	false	2
PGBD4	true	true	false	false	2
PI3	true	true	false	false	2
PIWIL3	true	true	false	false	2
PLAAT2	true	true	false	false	2
PLAAT4	true	true	false	false	2
PLEKHG4B	true	true	false	false	2
PLEKHG7	true	true	false	false	2
PNLIPRP3	true	true	false	false	2
PNMA6A	true	true	false	false	2
PNPLA4	true	true	false	false	2
PPDPFL	true	true	false	false	2
PPIAL4A	true	true	false	false	2
PPIAL4C	true	true	false	false	2
PPIAL4D	true	true	false	false	2
PPIAL4E	true	true	false	false	2
PPIAL4F	true	true	false	false	2
PPIAL4G	true	true	false	false	2
PPIAL4H	true	true	false	false	2
PPP1R2C	true	true	false	false	2
PRAC1	true	true	false	false	2
PRAC2	true	true	false	false	2
PRAME	true	false	false	true	2
PRH1	true	true	false	false	2
PRKACG	true	true	false	false	2
PRORY	true	true	false	false	2
PRR4	true	true	false	false	2
PRR20A	true	true	false	false	2
PRR20C	true	true	false	false	2
PRR20D	true	true	false	false	2
PRR20E	true	true	false	false	2
PRR20G	true	true	false	false	2
PRR25	true	true	false	false	2
PRTFDC1	true	true	false	false	2
PRY	true	true	false	false	2
PRY2	true	true	false	false	2
PSKH2	true	true	false	false	2
PSORS1C1	true	true	false	false	2
PVALEF	true	true	false	false	2
PXDNL	true	true	false	false	2
PYDC1	true	true	false	false	2
PYDC5	true	true	false	false	2
RAB6D	true	true	false	false	2
RAB41	true	true	false	false	2
RAX2	true	true	false	false	2
RBM23	true	true	false	false	2
RBMY1C	true	true	false	false	2
RBP5	true	true	false	false	2
REELD1	true	true	false	false	2
RGL4	true	true	false	false	2
RGPD2	true	false	false	true	2
RGPD3	true	false	false	true	2
RGPD6	true	false	false	true	2
RGPD8	true	false	false	true	2
RHEX	true	true	false	false	2
RNASE7	true	true	false	false	2
RNASE8	true	true	false	false	2
RNF175	true	true	false	false	2
RPA4	true	true	false	false	2
RPL26L1	true	true	false	false	2
RTL10	true	true	false	false	2
RTP5	true	true	false	false	2
S100A12	true	true	false	false	2
S100P	true	true	false	false	2
SAMD9	true	true	false	false	2
SCGB1D1	true	true	false	false	2
SCGB1D2	true	true	false	false	2
SCGB1D4	true	true	false	false	2
SCGB2B2	true	true	false	false	2
SCML1	true	true	false	false	2
SCNN1D	true	true	false	false	2
SCYGR1	true	true	false	false	2
SCYGR2	true	true	false	false	2
SCYGR3	true	true	false	false	2
SCYGR4	true	true	false	false	2
SCYGR5	true	true	false	false	2
SCYGR6	true	true	false	false	2
SCYGR7	true	true	false	false	2
SCYGR8	true	true	false	false	2
SCYGR9	true	true	false	false	2
SCYGR10	true	true	false	false	2
SDIM1	true	true	false	false	2
SERF1B	true	false	false	true	2
SERPINA4	true	true	false	false	2
SETD9	true	true	false	false	2
SH2D3A	true	true	false	false	2
SHOX	true	true	false	false	2
SLC2A4RG	true	true	false	false	2
SLC2A11	true	true	false	false	2
SLC6A15	true	false	false	true	2
SLC9C2	true	true	false	false	2
SLC22A11	true	true	false	false	2
SLC22A24	true	true	false	false	2
SLC22A31	true	true	false	false	2
SLC25A6	true	true	false	false	2
SLC47A2	true	true	false	false	2
SLC66A1L	true	true	false	false	2
SMIM2	true	true	false	false	2
SMIM21	true	true	false	false	2
SMIM28	true	true	false	false	2
SMIM42	true	true	false	false	2
SMIM44	true	true	false	false	2
SMKR1	true	true	false	false	2
SMR3B	true	true	false	false	2
SPANXN4	true	true	false	false	2
SPATA12	true	true	false	false	2
SPATA31A1	true	false	false	true	2
SPATA31A3	true	false	false	true	2
SPATA31A5	true	false	false	true	2
SPATA31A6	true	false	false	true	2
SPATA31A7	true	false	false	true	2
SPDYC	true	true	false	false	2
SPDYE10	true	true	false	false	2
SPDYE12	true	true	false	false	2
SPEGNB	true	true	false	false	2
SPIN3	true	true	false	false	2
SPRR2D	true	true	false	false	2
SPRR2G	true	true	false	false	2
SPRR5	true	true	false	false	2
SPRY3	true	false	false	true	2
SPTY2D1OS	true	true	false	false	2
SRSF8	true	true	false	false	2
ST20	true	true	false	false	2
STATH	true	true	false	false	2
STH	true	true	false	false	2
STK17A	true	true	false	false	2
STS	true	true	false	false	2
STX10	true	true	false	false	2
TAS2R5	true	true	false	false	2
TAS2R8	true	true	false	false	2
TAS2R9	true	true	false	false	2
TAS2R33	true	true	false	false	2
TAS2R36	true	true	false	false	2
TBC1D3B	true	true	false	false	2
TBC1D3C	true	true	false	false	2
TBC1D3D	true	true	false	false	2
TBC1D3E	true	true	false	false	2
TBC1D3F	true	true	false	false	2
TBC1D3G	true	true	false	false	2
TBC1D3H	true	true	false	false	2
TBC1D3I	true	true	false	false	2
TBC1D3K	true	true	false	false	2
TBC1D3L	true	true	false	false	2
TBC1D28	true	true	false	false	2
TCEAL2	true	true	false	false	2
TCEAL4	true	true	false	false	2
TCN1	true	true	false	false	2
TDRD10	true	true	false	false	2
TDRD15	true	true	false	false	2
THAP5	true	true	false	false	2
THAP6	true	true	false	false	2
THAP8	true	true	false	false	2
THAP9	true	true	false	false	2
THAP10	true	true	false	false	2
TIAF1	true	true	false	false	2
TIGD1	true	true	false	false	2
TIGD6	true	true	false	false	2
TIGD7	true	true	false	false	2
TLR10	true	true	false	false	2
TM4SF18	true	true	false	false	2
TMDD1	true	true	false	false	2
TMEM31	true	true	false	false	2
TMEM78	true	true	false	false	2
TMEM187	true	true	false	false	2
TMEM217B	true	true	false	false	2
TMEM225B	true	true	false	false	2
TMEM244	true	true	false	false	2
TMEM272	true	true	false	false	2
TMIGD2	true	true	false	false	2
TNFRSF6B	true	true	false	false	2
TOMT	true	true	false	false	2
TP53AIP1	true	true	false	false	2
TP53I3	true	true	false	false	2
TP53TG3B	true	true	false	false	2
TP53TG3E	true	true	false	false	2
TP53TG3F	true	true	false	false	2
TPRX1	true	true	false	false	2
TPRX2	true	true	false	false	2
TRA	true	true	false	false	2
TRABD2A	true	true	false	false	2
TRB	true	true	false	false	2
TRD	true	true	false	false	2
TRG	true	true	false	false	2
TRIM4	true	true	false	false	2
TRIM49C	true	false	false	true	2
TRIM49D1	true	true	false	false	2
TRIM49D2	true	true	false	false	2
TRIM51	true	false	false	true	2
TRIM51G	true	true	false	false	2
TRIM64	true	false	false	true	2
TRIM74	true	false	false	true	2
TRMT61B	true	true	false	false	2
TSNARE1	true	true	false	false	2
TSPAN16	true	true	false	false	2
TSPAN19	true	true	false	false	2
TSPY1	true	true	false	false	2
TSPY2	true	true	false	false	2
TSPY3	true	true	false	false	2
TSPY4	true	true	false	false	2
TSPY8	true	true	false	false	2
TSPY9	true	true	false	false	2
TSPY10	true	true	false	false	2
TTC31	true	true	false	false	2
TUBA3E	true	true	false	false	2
TUBA4B	true	true	false	false	2
TUBB8	true	true	false	false	2
TUBB8B	true	true	false	false	2
UBE2NL	true	true	false	false	2
UBE2Q2L	true	true	false	false	2
UGT1A	true	true	false	false	2
USP17L23	true	true	false	false	2
USP17L24	true	true	false	false	2
USP17L25	true	true	false	false	2
USP17L26	true	true	false	false	2
USP17L27	true	true	false	false	2
USP17L29	true	true	false	false	2
USP17L30	true	true	false	false	2
VAMP7	true	false	false	true	2
VCX	true	true	false	false	2
VCY1B	true	true	false	false	2
VENTX	true	true	false	false	2
VN1R1	true	true	false	false	2
VSTM1	true	true	false	false	2
WWC3	true	true	false	false	2
XAGE2	true	true	false	false	2
XAGE3	true	true	false	false	2
XAGE5	true	true	false	false	2
XG	true	true	false	false	2
XKR3	true	true	false	false	2
XNDC1N	true	true	false	false	2
ZACN	true	true	false	false	2
ZBED1	true	true	false	false	2
ZFP69B	true	true	false	false	2
ZIM2	true	true	false	false	2
ZIM3	true	true	false	false	2
ZNF10	true	true	false	false	2
ZNF16	true	true	false	false	2
ZNF17	true	true	false	false	2
ZNF19	true	true	false	false	2
ZNF26	true	true	false	false	2
ZNF30	true	true	false	false	2
ZNF33A	true	true	false	false	2
ZNF33B	true	true	false	false	2
ZNF37A	true	true	false	false	2
ZNF41	true	true	false	false	2
ZNF57	true	true	false	false	2
ZNF66	true	true	false	false	2
ZNF70	true	true	false	false	2
ZNF71	true	true	false	false	2
ZNF74	true	true	false	false	2
ZNF75A	true	true	false	false	2
ZNF75D	true	true	false	false	2
ZNF79	true	true	false	false	2
ZNF80	true	true	false	false	2
ZNF81	true	true	false	false	2
ZNF84	true	true	false	false	2
ZNF90	true	true	false	false	2
ZNF98	true	true	false	false	2
ZNF100	true	true	false	false	2
ZNF114	true	true	false	false	2
ZNF117	true	true	false	false	2
ZNF132	true	true	false	false	2
ZNF133	true	true	false	false	2
ZNF135	true	true	false	false	2
ZNF140	true	true	false	false	2
ZNF141	true	true	false	false	2
ZNF155	true	true	false	false	2
ZNF157	true	true	false	false	2
ZNF165	true	true	false	false	2
ZNF177	true	true	false	false	2
ZNF181	true	true	false	false	2
ZNF197	true	true	false	false	2
ZNF211	true	true	false	false	2
ZNF214	true	true	false	false	2
ZNF215	true	true	false	false	2
ZNF222	true	true	false	false	2
ZNF223	true	true	false	false	2
ZNF224	true	true	false	false	2
ZNF225	true	true	false	false	2
ZNF227	true	true	false	false	2
ZNF229	true	true	false	false	2
ZNF230	true	true	false	false	2
ZNF232	true	true	false	false	2
ZNF234	true	true	false	false	2
ZNF253	true	true	false	false	2
ZNF264	true	true	false	false	2
ZNF280A	true	true	false	false	2
ZNF283	true	true	false	false	2
ZNF285	true	true	false	false	2
ZNF302	true	true	false	false	2
ZNF311	true	true	false	false	2
ZNF320	true	true	false	false	2
ZNF331	true	true	false	false	2
ZNF333	true	true	false	false	2
ZNF343	true	true	false	false	2
ZNF350	true	true	false	false	2
ZNF385D	true	true	false	false	2
ZNF391	true	true	false	false	2
ZNF396	true	true	false	false	2
ZNF404	true	true	false	false	2
ZNF415	true	true	false	false	2
ZNF417	true	true	false	false	2
ZNF425	true	true	false	false	2
ZNF430	true	true	false	false	2
ZNF431	true	true	false	false	2
ZNF432	true	true	false	false	2
ZNF461	true	true	false	false	2
ZNF468	true	true	false	false	2
ZNF470	true	true	false	false	2
ZNF471	true	true	false	false	2
ZNF479	true	true	false	false	2
ZNF484	true	true	false	false	2
ZNF485	true	true	false	false	2
ZNF486	true	true	false	false	2
ZNF497	true	true	false	false	2
ZNF500	true	true	false	false	2
ZNF501	true	true	false	false	2
ZNF502	true	true	false	false	2
ZNF514	true	true	false	false	2
ZNF517	true	true	false	false	2
ZNF525	true	true	false	false	2
ZNF527	true	true	false	false	2
ZNF528	true	true	false	false	2
ZNF529	true	true	false	false	2
ZNF530	true	true	false	false	2
ZNF534	true	true	false	false	2
ZNF540	true	true	false	false	2
ZNF543	true	true	false	false	2
ZNF544	true	true	false	false	2
ZNF546	true	true	false	false	2
ZNF547	true	true	false	false	2
ZNF550	true	true	false	false	2
ZNF559	true	true	false	false	2
ZNF564	true	true	false	false	2
ZNF565	true	true	false	false	2
ZNF567	true	true	false	false	2
ZNF571	true	true	false	false	2
ZNF572	true	true	false	false	2
ZNF573	true	true	false	false	2
ZNF576	true	true	false	false	2
ZNF577	true	true	false	false	2
ZNF578	true	true	false	false	2
ZNF581	true	true	false	false	2
ZNF587	true	true	false	false	2
ZNF589	true	true	false	false	2
ZNF593OS	true	true	false	false	2
ZNF594	true	true	false	false	2
ZNF595	true	false	false	true	2
ZNF596	true	true	false	false	2
ZNF599	true	true	false	false	2
ZNF607	true	true	false	false	2
ZNF611	true	true	false	false	2
ZNF613	true	true	false	false	2
ZNF614	true	true	false	false	2
ZNF615	true	true	false	false	2
ZNF619	true	true	false	false	2
ZNF620	true	true	false	false	2
ZNF621	true	true	false	false	2
ZNF625	true	true	false	false	2
ZNF630	true	true	false	false	2
ZNF649	true	true	false	false	2
ZNF658	true	true	false	false	2
ZNF660	true	true	false	false	2
ZNF662	true	true	false	false	2
ZNF671	true	true	false	false	2
ZNF675	true	true	false	false	2
ZNF676	true	true	false	false	2
ZNF677	true	true	false	false	2
ZNF684	true	true	false	false	2
ZNF696	true	true	false	false	2
ZNF701	true	true	false	false	2
ZNF708	true	true	false	false	2
ZNF713	true	true	false	false	2
ZNF714	true	true	false	false	2
ZNF717	true	true	false	false	2
ZNF722	true	true	false	false	2
ZNF724	true	true	false	false	2
ZNF728	true	true	false	false	2
ZNF730	true	true	false	false	2
ZNF732	true	true	false	false	2
ZNF735	true	true	false	false	2
ZNF737	true	true	false	false	2
ZNF761	true	true	false	false	2
ZNF765	true	true	false	false	2
ZNF766	true	true	false	false	2
ZNF774	true	true	false	false	2
ZNF776	true	true	false	false	2
ZNF783	true	true	false	false	2
ZNF785	true	true	false	false	2
ZNF789	true	true	false	false	2
ZNF790	true	false	false	true	2
ZNF805	true	true	false	false	2
ZNF813	true	true	false	false	2
ZNF816	true	true	false	false	2
ZNF829	true	true	false	false	2
ZNF835	true	true	false	false	2
ZNF841	true	true	false	false	2
ZNF846	true	true	false	false	2
ZNF860	true	true	false	false	2
ZNF862	true	true	false	false	2
ZNF875	true	true	false	false	2
ZNF880	true	true	false	false	2
ZNF888	true	true	false	false	2
ZP4	true	true	false	false	2
ZSCAN1	true	true	false	false	2
ZSCAN9	true	true	false	false	2
ZSCAN16	true	true	false	false	2
ZSCAN23	true	true	false	false	2
ZSCAN31	true	true	false	false	2
ZSCAN32	true	true	false	false	2
ARL17A	false	true	false	true	2
CTAGE15	false	true	false	true	2
DEFB104A	false	true	false	true	2
DEFB104B	false	true	false	true	2
DEFB132	false	true	false	true	2
FCGR2C	false	true	false	true	2
GOLGA8F	false	true	false	true	2
GOLGA8G	false	true	false	true	2
H3C15	false	true	false	true	2
LRRC37A	false	true	false	true	2
LRRC37A3	false	true	false	true	2
NUTM2A	false	true	false	true	2
OPN1MW	false	true	false	true	2
OR4F3	false	true	false	true	2
OR4F5	false	true	false	true	2
OR4F16	false	true	false	true	2
OR4F17	false	true	false	true	2
OR4N4	false	true	false	true	2
PLGLB1	false	true	false	true	2
PRAMEF25	false	true	false	true	2
SPAG11A	false	true	false	true	2
SRGAP2B	false	true	false	true	2
SRGAP2C	false	true	false	true	2
ZNF705B	false	true	false	true	2
ZNF705G	false	true	false	true	2
CLLU1	false	false	true	true	2
CFAP99	false	false	true	true	2
LINC00523	false	false	true	true	2
ANKRD40CL	false	false	true	true	2
A2ML1	true	false	false	false	1
ACP7	true	false	false	false	1
ACTN4	true	false	false	false	1
ACTR6	true	false	false	false	1
ACYP1	true	false	false	false	1
ADAM9	true	false	false	false	1
ADAM18	true	false	false	false	1
ADAM19	true	false	false	false	1
ADAM32	true	false	false	false	1
ADGRE2	true	false	false	false	1
ADGRE3	true	false	false	false	1
ADPRHL1	true	false	false	false	1
AGAP4	true	false	false	false	1
AGAP5	true	false	false	false	1
AGAP6	true	false	false	false	1
AGAP9	true	false	false	false	1
AHI1	true	false	false	false	1
AHSP	true	false	false	false	1
AK6	true	false	false	false	1
AKAIN1	true	false	false	false	1
AKAP17A	true	false	false	false	1
AKR1B15	true	false	false	false	1
AKR1C1	true	false	false	false	1
AKR1C2	true	false	false	false	1
AKR1C3	true	false	false	false	1
AKR1C4	true	false	false	false	1
AKR7A2	true	false	false	false	1
AKR7A3	true	false	false	false	1
ALG1L	true	false	false	false	1
ALX1	true	false	false	false	1
AMELY	true	false	false	false	1
AMHR2	true	false	false	false	1
AMY1C	true	false	false	false	1
ANK3	true	false	false	false	1
ANKRD7	true	false	false	false	1
ANKRD18A	true	false	false	false	1
ANKRD18B	true	false	false	false	1
ANKRD20A1	true	false	false	false	1
ANKRD26	true	false	false	false	1
ANKRD52	true	false	false	false	1
ANKS1B	true	false	false	false	1
ANOS1	true	false	false	false	1
ANXA2R	true	false	false	false	1
APAF1	true	false	false	false	1
APELA	true	false	false	false	1
APOBEC3B	true	false	false	false	1
APOBEC3D	true	false	false	false	1
APOBEC3F	true	false	false	false	1
APOF	true	false	false	false	1
ARHGEF4	true	false	false	false	1
ARPC1A	true	false	false	false	1
ATAD2	true	false	false	false	1
ATAD3B	true	false	false	false	1
ATAD3C	true	false	false	false	1
ATF7	true	false	false	false	1
ATP1B4	true	false	false	false	1
ATP5MC1	true	false	false	false	1
ATP5MC2	true	false	false	false	1
ATXN3	true	false	false	false	1
B4GALT6	true	false	false	false	1
BANF1	true	false	false	false	1
BCL2L10	true	false	false	false	1
BCLAF1	true	false	false	false	1
BET1	true	false	false	false	1
BIRC8	true	false	false	false	1
BLOC1S1	true	false	false	false	1
BMP8A	true	false	false	false	1
BMP8B	true	false	false	false	1
BRD3OS	true	false	false	false	1
BTN2A1	true	false	false	false	1
BTN3A2	true	false	false	false	1
BTN3A3	true	false	false	false	1
BTNL3	true	false	false	false	1
BTNL8	true	false	false	false	1
C1GALT1C1	true	false	false	false	1
C1orf226	true	false	false	false	1
C2CD4A	true	false	false	false	1
C2CD4B	true	false	false	false	1
C2orf50	true	false	false	false	1
C2orf76	true	false	false	false	1
C3orf56	true	false	false	false	1
C6orf201	true	false	false	false	1
C7orf61	true	false	false	false	1
C9orf57	true	false	false	false	1
C9orf153	true	false	false	false	1
C12orf54	true	false	false	false	1
C12orf73	true	false	false	false	1
C19orf48	true	false	false	false	1
C19orf54	true	false	false	false	1
C20orf141	true	false	false	false	1
CABCOCO1	true	false	false	false	1
CADPS	true	false	false	false	1
CALCOCO1	true	false	false	false	1
CAMK2D	true	false	false	false	1
CAPN12	true	false	false	false	1
CASP4	true	false	false	false	1
CASP5	true	false	false	false	1
CASZ1	true	false	false	false	1
CBX3	true	false	false	false	1
CBX5	true	false	false	false	1
CCDC7	true	false	false	false	1
CCDC63	true	false	false	false	1
CCDC96	true	false	false	false	1
CCDC121	true	false	false	false	1
CCDC163	true	false	false	false	1
CCDC166	true	false	false	false	1
CCDC179	true	false	false	false	1
CCDC183	true	false	false	false	1
CCER2	true	false	false	false	1
CCL1	true	false	false	false	1
CCL3L3	true	false	false	false	1
CCL5	true	false	false	false	1
CCL13	true	false	false	false	1
CCL25	true	false	false	false	1
CCL26	true	false	false	false	1
CCNYL1	true	false	false	false	1
CD63	true	false	false	false	1
CD68	true	false	false	false	1
CD99	true	false	false	false	1
CD99L2	true	false	false	false	1
CDK1	true	false	false	false	1
CDK2	true	false	false	false	1
CDKN2A	true	false	false	false	1
CDY2B	true	false	false	false	1
CENPX	true	false	false	false	1
CERS1	true	false	false	false	1
CFAP47	true	false	false	false	1
CFAP53	true	false	false	false	1
CFH	true	false	false	false	1
CFHR3	true	false	false	false	1
CFHR4	true	false	false	false	1
CGB1	true	false	false	false	1
CGB2	true	false	false	false	1
CGB7	true	false	false	false	1
CGB8	true	false	false	false	1
CHST5	true	false	false	false	1
CHST6	true	false	false	false	1
CLDN20	true	false	false	false	1
CLDN22	true	false	false	false	1
CLDN24	true	false	false	false	1
CLDN25	true	false	false	false	1
CMC2	true	false	false	false	1
CNGA2	true	false	false	false	1
CNPY2	true	false	false	false	1
CNTNAP5	true	false	false	false	1
COL7A1	true	false	false	false	1
COL9A3	true	false	false	false	1
COL10A1	true	false	false	false	1
COL22A1	true	false	false	false	1
COL24A1	true	false	false	false	1
COPS9	true	false	false	false	1
COPZ1	true	false	false	false	1
COQ8B	true	false	false	false	1
COQ10A	true	false	false	false	1
CR1L	true	false	false	false	1
CRCT1	true	false	false	false	1
CRYGD	true	false	false	false	1
CS	true	false	false	false	1
CSGALNACT1	true	false	false	false	1
CSNK1A1L	true	false	false	false	1
CST1	true	false	false	false	1
CST2	true	false	false	false	1
CST4	true	false	false	false	1
CST5	true	false	false	false	1
CST9	true	false	false	false	1
CT55	true	false	false	false	1
CTRC	true	false	false	false	1
CTSL	true	false	false	false	1
CTSV	true	false	false	false	1
CTU1	true	false	false	false	1
CUL4B	true	false	false	false	1
CXCL1	true	false	false	false	1
CXCL2	true	false	false	false	1
CXCL3	true	false	false	false	1
CXCL5	true	false	false	false	1
CYP2B6	true	false	false	false	1
CYP2C8	true	false	false	false	1
CYP2C9	true	false	false	false	1
CYP2C19	true	false	false	false	1
CYP4Z1	true	false	false	false	1
CYP11B1	true	false	false	false	1
CYP11B2	true	false	false	false	1
CYSLTR2	true	false	false	false	1
DCAF4L1	true	false	false	false	1
DCAF12L1	true	false	false	false	1
DDI2	true	false	false	false	1
DDX43	true	false	false	false	1
DEFB1	true	false	false	false	1
DEFB106B	true	false	false	false	1
DEFB126	true	false	false	false	1
DGKA	true	false	false	false	1
DHPS	true	false	false	false	1
DHRSX	true	false	false	false	1
DLGAP1	true	false	false	false	1
DMRTC1	true	false	false	false	1
DNAAF8	true	false	false	false	1
DNAJC14	true	false	false	false	1
DNAJC25	true	false	false	false	1
DNAL4	true	false	false	false	1
DSC1	true	false	false	false	1
DSC2	true	false	false	false	1
DSC3	true	false	false	false	1
DSG1	true	false	false	false	1
DSG2	true	false	false	false	1
DSG4	true	false	false	false	1
DTNB	true	false	false	false	1
DUSP3	true	false	false	false	1
ECH1	true	false	false	false	1
EEF1A1	true	false	false	false	1
EEF1AKMT2	true	false	false	false	1
EIF1	true	false	false	false	1
EIF3K	true	false	false	false	1
ELOA2	true	false	false	false	1
ERBB3	true	false	false	false	1
ERCC6L2	true	false	false	false	1
ESYT1	true	false	false	false	1
ETDA	true	false	false	false	1
ETDB	true	false	false	false	1
ETDC	true	false	false	false	1
EZHIP	true	false	false	false	1
FAHD2B	true	false	false	false	1
FAM9B	true	false	false	false	1
FAM9C	true	false	false	false	1
FAM24A	true	false	false	false	1
FAM24B	true	false	false	false	1
FAM47A	true	false	false	false	1
FAM47C	true	false	false	false	1
FAM133A	true	false	false	false	1
FAM169B	true	false	false	false	1
FAM241B	true	false	false	false	1
FATE1	true	false	false	false	1
FBXO17	true	false	false	false	1
FBXO27	true	false	false	false	1
FBXW9	true	false	false	false	1
FCF1	true	false	false	false	1
FCGBP	true	false	false	false	1
FCGRT	true	false	false	false	1
FCN2	true	false	false	false	1
FCRL2	true	false	false	false	1
FCRL6	true	false	false	false	1
FDXR	true	false	false	false	1
FGA	true	false	false	false	1
FIP1L1	true	false	false	false	1
FKBP2	true	false	false	false	1
FLT3LG	true	false	false	false	1
FOLR3	true	false	false	false	1
FRG1	true	false	false	false	1
FTHL17	true	false	false	false	1
FUT2	true	false	false	false	1
FXYD5	true	false	false	false	1
GAB4	true	false	false	false	1
GABRA3	true	false	false	false	1
GABRE	true	false	false	false	1
GABRQ	true	false	false	false	1
GAS2L3	true	false	false	false	1
GBP1	true	false	false	false	1
GBP3	true	false	false	false	1
GBP4	true	false	false	false	1
GBP7	true	false	false	false	1
GCSH	true	false	false	false	1
GDF11	true	false	false	false	1
GET1	true	false	false	false	1
GGTA1	true	false	false	false	1
GLRX2	true	false	false	false	1
GLS2	true	false	false	false	1
GLUD1	true	false	false	false	1
GNAQ	true	false	false	false	1
GNG5	true	false	false	false	1
GNG14	true	false	false	false	1
GPALPP1	true	false	false	false	1
GPR34	true	false	false	false	1
GPR50	true	false	false	false	1
GPR84	true	false	false	false	1
GPR132	true	false	false	false	1
GPR150	true	false	false	false	1
GPX5	true	false	false	false	1
GRIA3	true	false	false	false	1
GSTA1	true	false	false	false	1
GSTA2	true	false	false	false	1
GSTA3	true	false	false	false	1
GSTM5	true	false	false	false	1
GTSF1	true	false	false	false	1
H2AC6	true	false	false	false	1
H2AJ	true	false	false	false	1
H2BC9	true	false	false	false	1
H2BC13	true	false	false	false	1
H2BC15	true	false	false	false	1
H2BU1	true	false	false	false	1
H3-3A	true	false	false	false	1
H3-3B	true	false	false	false	1
H3C4	true	false	false	false	1
H3C7	true	false	false	false	1
H4-16	true	false	false	false	1
H4C12	true	false	false	false	1
HBB	true	false	false	false	1
HBD	true	false	false	false	1
HBG1	true	false	false	false	1
HBG2	true	false	false	false	1
HHEX	true	false	false	false	1
HLA-DQA1	true	false	false	false	1
HLA-DQA2	true	false	false	false	1
HLA-DQB2	true	false	false	false	1
HMGB3	true	false	false	false	1
HMGN2	true	false	false	false	1
HNRNPA1	true	false	false	false	1
HNRNPA1L2	true	false	false	false	1
HNRNPC	true	false	false	false	1
HNRNPL	true	false	false	false	1
HOXC4	true	false	false	false	1
HOXC5	true	false	false	false	1
HOXC6	true	false	false	false	1
HOXC8	true	false	false	false	1
HOXC9	true	false	false	false	1
HOXC10	true	false	false	false	1
HOXC11	true	false	false	false	1
HOXC12	true	false	false	false	1
HOXC13	true	false	false	false	1
HSP90AA1	true	false	false	false	1
HSPE1	true	false	false	false	1
HTR1D	true	false	false	false	1
HTRA4	true	false	false	false	1
IDO1	true	false	false	false	1
IDO2	true	false	false	false	1
IFI27	true	false	false	false	1
IFI27L1	true	false	false	false	1
IFI27L2	true	false	false	false	1
IFIT1	true	false	false	false	1
IFITM2	true	false	false	false	1
IFITM3	true	false	false	false	1
IFNW1	true	false	false	false	1
IGFL2	true	false	false	false	1
IGFL3	true	false	false	false	1
IGSF5	true	false	false	false	1
IKBIP	true	false	false	false	1
IKZF2	true	false	false	false	1
IKZF4	true	false	false	false	1
IL3RA	true	false	false	false	1
IL23A	true	false	false	false	1
INSL4	true	false	false	false	1
INTS10	true	false	false	false	1
IQCE	true	false	false	false	1
ISCU	true	false	false	false	1
ITGA5	true	false	false	false	1
ITGA7	true	false	false	false	1
ITLN2	true	false	false	false	1
ITPKC	true	false	false	false	1
IVL	true	false	false	false	1
JAML	true	false	false	false	1
KCNB2	true	false	false	false	1
KDM4E	true	false	false	false	1
KIAA0754	true	false	false	false	1
KIF4B	true	false	false	false	1
KIF16B	true	false	false	false	1
KLK2	true	false	false	false	1
KLK3	true	false	false	false	1
KLK10	true	false	false	false	1
KLK11	true	false	false	false	1
KLK12	true	false	false	false	1
KLK13	true	false	false	false	1
KLK14	true	false	false	false	1
KRT13	true	false	false	false	1
KRT31	true	false	false	false	1
KRT33B	true	false	false	false	1
KRT74	true	false	false	false	1
KRT81	true	false	false	false	1
KRT83	true	false	false	false	1
KRT86	true	false	false	false	1
KRTAP3-2	true	false	false	false	1
KRTAP3-3	true	false	false	false	1
KRTAP5-4	true	false	false	false	1
KRTAP6-1	true	false	false	false	1
KRTAP6-2	true	false	false	false	1
KRTAP10-1	true	false	false	false	1
KRTAP10-2	true	false	false	false	1
KRTAP10-3	true	false	false	false	1
KRTAP10-5	true	false	false	false	1
KRTAP10-7	true	false	false	false	1
KRTAP10-8	true	false	false	false	1
KRTAP10-10	true	false	false	false	1
KRTAP10-12	true	false	false	false	1
KRTAP12-1	true	false	false	false	1
KRTAP12-2	true	false	false	false	1
KRTAP12-3	true	false	false	false	1
KRTAP12-4	true	false	false	false	1
KRTAP17-1	true	false	false	false	1
KRTAP19-1	true	false	false	false	1
KRTAP19-3	true	false	false	false	1
KRTAP19-4	true	false	false	false	1
KRTAP19-5	true	false	false	false	1
KRTAP19-6	true	false	false	false	1
KRTAP19-7	true	false	false	false	1
KRTAP19-8	true	false	false	false	1
KRTAP20-1	true	false	false	false	1
KRTAP20-2	true	false	false	false	1
KXD1	true	false	false	false	1
L3MBTL1	true	false	false	false	1
LAIR1	true	false	false	false	1
LAIR2	true	false	false	false	1
LAMP2	true	false	false	false	1
LAMP3	true	false	false	false	1
LANCL1	true	false	false	false	1
LBHD2	true	false	false	false	1
LCE1A	true	false	false	false	1
LCE1B	true	false	false	false	1
LCE1C	true	false	false	false	1
LCE1D	true	false	false	false	1
LCE1E	true	false	false	false	1
LCE2A	true	false	false	false	1
LCE2B	true	false	false	false	1
LCE2C	true	false	false	false	1
LCE2D	true	false	false	false	1
LCE3B	true	false	false	false	1
LCE3C	true	false	false	false	1
LCE3D	true	false	false	false	1
LCE3E	true	false	false	false	1
LCE6A	true	false	false	false	1
LCN1	true	false	false	false	1
LCN15	true	false	false	false	1
LGALS4	true	false	false	false	1
LGALS7	true	false	false	false	1
LGALS7B	true	false	false	false	1
LGALS9	true	false	false	false	1
LGALS9C	true	false	false	false	1
LHB	true	false	false	false	1
LILRA1	true	false	false	false	1
LILRA2	true	false	false	false	1
LILRA4	true	false	false	false	1
LILRA5	true	false	false	false	1
LILRB1	true	false	false	false	1
LILRB2	true	false	false	false	1
LILRB5	true	false	false	false	1
LIMS1	true	false	false	false	1
LORICRIN	true	false	false	false	1
LPA	true	false	false	false	1
LPL	true	false	false	false	1
LRRC29	true	false	false	false	1
LRRC72	true	false	false	false	1
LRRIQ1	true	false	false	false	1
LTB4R	true	false	false	false	1
LTC4S	true	false	false	false	1
MAGEA1	true	false	false	false	1
MAGEA4	true	false	false	false	1
MAGEA6	true	false	false	false	1
MAGEA8	true	false	false	false	1
MAGEA11	true	false	false	false	1
MAGEA12	true	false	false	false	1
MAGEB1	true	false	false	false	1
MAGEB4	true	false	false	false	1
MAN2B1	true	false	false	false	1
MAOB	true	false	false	false	1
MAP1LC3B	true	false	false	false	1
MAP1LC3B2	true	false	false	false	1
MAP3K5	true	false	false	false	1
MAP3K7CL	true	false	false	false	1
MAP3K12	true	false	false	false	1
MAP7	true	false	false	false	1
MCTS1	true	false	false	false	1
MDP1	true	false	false	false	1
MED10	true	false	false	false	1
METTL7B	true	false	false	false	1
MFSD9	true	false	false	false	1
MICB	true	false	false	false	1
MIP	true	false	false	false	1
MMP10	true	false	false	false	1
MMP19	true	false	false	false	1
MORF4L1	true	false	false	false	1
MRPS12	true	false	false	false	1
MT3	true	false	false	false	1
MTFR2	true	false	false	false	1
MTM1	true	false	false	false	1
MTMR1	true	false	false	false	1
MUC2	true	false	false	false	1
MUC6	true	false	false	false	1
MUCL1	true	false	false	false	1
MXRA7	true	false	false	false	1
MYB	true	false	false	false	1
MYH2	true	false	false	false	1
MYH4	true	false	false	false	1
MYL1	true	false	false	false	1
MYL6	true	false	false	false	1
MYL6B	true	false	false	false	1
MYOCOS	true	false	false	false	1
NAA11	true	false	false	false	1
NABP2	true	false	false	false	1
NAF1	true	false	false	false	1
NAT2	true	false	false	false	1
NCCRP1	true	false	false	false	1
NCKAP1L	true	false	false	false	1
NCR3	true	false	false	false	1
NDP	true	false	false	false	1
NEDD1	true	false	false	false	1
NEFM	true	false	false	false	1
NEUROD4	true	false	false	false	1
NFE2	true	false	false	false	1
NFKBIB	true	false	false	false	1
NIPSNAP3B	true	false	false	false	1
NLGN4Y	true	false	false	false	1
NLRP2	true	false	false	false	1
NLRP7	true	false	false	false	1
NNAT	true	false	false	false	1
NOTCH4	true	false	false	false	1
NPFF	true	false	false	false	1
NPHP3	true	false	false	false	1
NPY1R	true	false	false	false	1
NPY5R	true	false	false	false	1
NR1H4	true	false	false	false	1
NSUN4	true	false	false	false	1
NUDT8	true	false	false	false	1
NUDT10	true	false	false	false	1
NXF5	true	false	false	false	1
NXPE1	true	false	false	false	1
ODAD1	true	false	false	false	1
ODF4	true	false	false	false	1
OPRPN	true	false	false	false	1
OR1D5	true	false	false	false	1
OR1E1	true	false	false	false	1
OR1E2	true	false	false	false	1
OR1E3	true	false	false	false	1
OR1L4	true	false	false	false	1
OR1L6	true	false	false	false	1
OR1L8	true	false	false	false	1
OR2AP1	true	false	false	false	1
OR2B2	true	false	false	false	1
OR2H1	true	false	false	false	1
OR2M2	true	false	false	false	1
OR2M3	true	false	false	false	1
OR2M5	true	false	false	false	1
OR2M7	true	false	false	false	1
OR2Z1	true	false	false	false	1
OR5D13	true	false	false	false	1
OR6C1	true	false	false	false	1
OR6C2	true	false	false	false	1
OR6C3	true	false	false	false	1
OR6C6	true	false	false	false	1
OR6C65	true	false	false	false	1
OR6C68	true	false	false	false	1
OR6C70	true	false	false	false	1
OR6C74	true	false	false	false	1
OR6C75	true	false	false	false	1
OR6C76	true	false	false	false	1
OR6K3	true	false	false	false	1
OR7C1	true	false	false	false	1
OR8G1	true	false	false	false	1
OR9K2	true	false	false	false	1
OR10A6	true	false	false	false	1
OR10J1	true	false	false	false	1
OR10K2	true	false	false	false	1
OR10P1	true	false	false	false	1
OR12D2	true	false	false	false	1
OR51B2	true	false	false	false	1
OR51H1	true	false	false	false	1
OR52N4	true	false	false	false	1
OR52Z1	true	false	false	false	1
OR56A5	true	false	false	false	1
ORMDL2	true	false	false	false	1
PA2G4	true	false	false	false	1
PABPC1	true	false	false	false	1
PALS2	true	false	false	false	1
PAN2	true	false	false	false	1
PCBP2	true	false	false	false	1
PCNP	true	false	false	false	1
PCP4	true	false	false	false	1
PDCD6IP	true	false	false	false	1
PDE7B	true	false	false	false	1
PF4	true	false	false	false	1
PF4V1	true	false	false	false	1
PGA3	true	false	false	false	1
PGA4	true	false	false	false	1
PHGR1	true	false	false	false	1
PIGZ	true	false	false	false	1
PILRA	true	false	false	false	1
PILRB	true	false	false	false	1
PITX2	true	false	false	false	1
PLEKHA2	true	false	false	false	1
PLSCR2	true	false	false	false	1
PMEL	true	false	false	false	1
POLD3	true	false	false	false	1
POLR2J	true	false	false	false	1
POLR3G	true	false	false	false	1
POLR3GL	true	false	false	false	1
POTEB	true	false	false	false	1
POTEB2	true	false	false	false	1
POTEB3	true	false	false	false	1
POTEC	true	false	false	false	1
POTED	true	false	false	false	1
POTEE	true	false	false	false	1
POTEF	true	false	false	false	1
POTEG	true	false	false	false	1
POTEH	true	false	false	false	1
POTEI	true	false	false	false	1
POTEJ	true	false	false	false	1
POTEM	true	false	false	false	1
PPM1A	true	false	false	false	1
PPP1R1A	true	false	false	false	1
PPP1R7	true	false	false	false	1
PPP2R3B	true	false	false	false	1
PPP4R2	true	false	false	false	1
PRB1	true	false	false	false	1
PRB2	true	false	false	false	1
PRB3	true	false	false	false	1
PRB4	true	false	false	false	1
PRCD	true	false	false	false	1
PRELID1	true	false	false	false	1
PRH2	true	false	false	false	1
PRM1	true	false	false	false	1
PROC	true	false	false	false	1
PROKR1	true	false	false	false	1
PRR13	true	false	false	false	1
PRR23A	true	false	false	false	1
PRR23B	true	false	false	false	1
PRR23C	true	false	false	false	1
PRRG2	true	false	false	false	1
PRRG3	true	false	false	false	1
PSD3	true	false	false	false	1
PSMA1	true	false	false	false	1
PTBP1	true	false	false	false	1
PTMA	true	false	false	false	1
PTMS	true	false	false	false	1
PTPRG	true	false	false	false	1
PYHIN1	true	false	false	false	1
PYM1	true	false	false	false	1
RAB5B	true	false	false	false	1
RAB32	true	false	false	false	1
RAB40A	true	false	false	false	1
RAB40AL	true	false	false	false	1
RAET1G	true	false	false	false	1
RAET1L	true	false	false	false	1
RBMS2	true	false	false	false	1
RCN3	true	false	false	false	1
RDH5	true	false	false	false	1
REEP6	true	false	false	false	1
REG3A	true	false	false	false	1
REG3G	true	false	false	false	1
RFPL1	true	false	false	false	1
RFPL2	true	false	false	false	1
RFPL3	true	false	false	false	1
RGPD1	true	false	false	false	1
RGPD4	true	false	false	false	1
RHOBTB1	true	false	false	false	1
RHOXF2	true	false	false	false	1
RHOXF2B	true	false	false	false	1
RINL	true	false	false	false	1
RNASE11	true	false	false	false	1
RNF41	true	false	false	false	1
RNF135	true	false	false	false	1
RNF181	true	false	false	false	1
RNF187	true	false	false	false	1
RPL4	true	false	false	false	1
RPL7A	true	false	false	false	1
RPL9	true	false	false	false	1
RPL10	true	false	false	false	1
RPL12	true	false	false	false	1
RPL13A	true	false	false	false	1
RPL14	true	false	false	false	1
RPL21	true	false	false	false	1
RPL27A	true	false	false	false	1
RPL31	true	false	false	false	1
RPL36A	true	false	false	false	1
RPL39L	true	false	false	false	1
RPL41	true	false	false	false	1
RPP14	true	false	false	false	1
RPS3	true	false	false	false	1
RPS4Y1	true	false	false	false	1
RPS4Y2	true	false	false	false	1
RPS6KB1	true	false	false	false	1
RPS8	true	false	false	false	1
RPS10	true	false	false	false	1
RPS12	true	false	false	false	1
RPS17	true	false	false	false	1
RPS26	true	false	false	false	1
RPS27A	true	false	false	false	1
RPSA	true	false	false	false	1
RTL1	true	false	false	false	1
RTL8A	true	false	false	false	1
RTL8B	true	false	false	false	1
RXFP3	true	false	false	false	1
S100A7	true	false	false	false	1
S100A7A	true	false	false	false	1
SAA1	true	false	false	false	1
SAA2	true	false	false	false	1
SAMD1	true	false	false	false	1
SARNP	true	false	false	false	1
SARS2	true	false	false	false	1
SCD5	true	false	false	false	1
SCYL2	true	false	false	false	1
SEC14L6	true	false	false	false	1
SEM1	true	false	false	false	1
SEPTIN4	true	false	false	false	1
SERF2	true	false	false	false	1
SET	true	false	false	false	1
SETD1A	true	false	false	false	1
SETMAR	true	false	false	false	1
SFTA2	true	false	false	false	1
SH2D4A	true	false	false	false	1
SHC2	true	false	false	false	1
SIGLEC5	true	false	false	false	1
SIGLEC7	true	false	false	false	1
SIGLEC9	true	false	false	false	1
SIGLEC14	true	false	false	false	1
SIGLEC16	true	false	false	false	1
SIGLECL1	true	false	false	false	1
SIRPB2	true	false	false	false	1
SIRPD	true	false	false	false	1
SIRT2	true	false	false	false	1
SLC2A3	true	false	false	false	1
SLC2A14	true	false	false	false	1
SLC6A14	true	false	false	false	1
SLC17A8	true	false	false	false	1
SLC22A10	true	false	false	false	1
SLC22A25	true	false	false	false	1
SLC25A3	true	false	false	false	1
SLC25A52	true	false	false	false	1
SLC26A10	true	false	false	false	1
SLC35E2A	true	false	false	false	1
SLC37A3	true	false	false	false	1
SLC39A5	true	false	false	false	1
SLCO1B7	true	false	false	false	1
SLFN11	true	false	false	false	1
SLFN12L	true	false	false	false	1
SLN	true	false	false	false	1
SLURP2	true	false	false	false	1
SMAD9	true	false	false	false	1
SMARCC2	true	false	false	false	1
SMCP	true	false	false	false	1
SMIM6	true	false	false	false	1
SMIM10	true	false	false	false	1
SMIM27	true	false	false	false	1
SMIM34	true	false	false	false	1
SMIM45	true	false	false	false	1
SMR3A	true	false	false	false	1
SMUG1	true	false	false	false	1
SNRNP27	true	false	false	false	1
SNRPA	true	false	false	false	1
SNRPE	true	false	false	false	1
SNRPF	true	false	false	false	1
SP100	true	false	false	false	1
SP140L	true	false	false	false	1
SPATA31E1	true	false	false	false	1
SPATA33	true	false	false	false	1
SPIN2A	true	false	false	false	1
SPIN2B	true	false	false	false	1
SPRR1A	true	false	false	false	1
SPRR1B	true	false	false	false	1
SPRR2A	true	false	false	false	1
SPRR2B	true	false	false	false	1
SPRR2E	true	false	false	false	1
SPRR2F	true	false	false	false	1
SPRYD4	true	false	false	false	1
SPTSSB	true	false	false	false	1
SRD5A3	true	false	false	false	1
SREK1	true	false	false	false	1
STARD9	true	false	false	false	1
STAT2	true	false	false	false	1
STRIT1	true	false	false	false	1
SULT1C4	true	false	false	false	1
SUMO1	true	false	false	false	1
SUMO4	true	false	false	false	1
SUOX	true	false	false	false	1
SUPT20HL1	true	false	false	false	1
SUPT20HL2	true	false	false	false	1
SYCN	true	false	false	false	1
SYNCRIP	true	false	false	false	1
SYNJ2BP	true	false	false	false	1
SYS1	true	false	false	false	1
TAAR6	true	false	false	false	1
TACC1	true	false	false	false	1
TARBP2	true	false	false	false	1
TAS2R45	true	false	false	false	1
TBX10	true	false	false	false	1
TCHP	true	false	false	false	1
TCIM	true	false	false	false	1
TEKT4	true	false	false	false	1
TESPA1	true	false	false	false	1
TEX13A	true	false	false	false	1
TEX53	true	false	false	false	1
TEX55	true	false	false	false	1
TFDP3	true	false	false	false	1
THAP2	true	false	false	false	1
THAP12	true	false	false	false	1
TICAM2	true	false	false	false	1
TIMELESS	true	false	false	false	1
TINCR	true	false	false	false	1
TKTL2	true	false	false	false	1
TLCD4	true	false	false	false	1
TM2D2	true	false	false	false	1
TMA16	true	false	false	false	1
TMEM14B	true	false	false	false	1
TMEM26	true	false	false	false	1
TMEM41A	true	false	false	false	1
TMEM167B	true	false	false	false	1
TMEM170A	true	false	false	false	1
TMEM182	true	false	false	false	1
TMEM196	true	false	false	false	1
TMEM202	true	false	false	false	1
TMEM255A	true	false	false	false	1
TMEM265	true	false	false	false	1
TMLHE	true	false	false	false	1
TMPO	true	false	false	false	1
TMPRSS11B	true	false	false	false	1
TMSB4X	true	false	false	false	1
TMSB15A	true	false	false	false	1
TMSB15B	true	false	false	false	1
TMTC2	true	false	false	false	1
TNFRSF10A	true	false	false	false	1
TNFRSF12A	true	false	false	false	1
TNPO2	true	false	false	false	1
TOMM5	true	false	false	false	1
TPM2	true	false	false	false	1
TPM3	true	false	false	false	1
TPSD1	true	false	false	false	1
TRAPPC8	true	false	false	false	1
TRIM16L	true	false	false	false	1
TRIM48	true	false	false	false	1
TRIM49	true	false	false	false	1
TRIM49B	true	false	false	false	1
TRIM52	true	false	false	false	1
TRIM64B	true	false	false	false	1
TRIM64C	true	false	false	false	1
TRIM73	true	false	false	false	1
TRIM75	true	false	false	false	1
TRIM77	true	false	false	false	1
TRIR	true	false	false	false	1
TSPYL6	true	false	false	false	1
TSTD3	true	false	false	false	1
TTLL5	true	false	false	false	1
TTR	true	false	false	false	1
TTYH1	true	false	false	false	1
UBE2D4	true	false	false	false	1
UGT2B4	true	false	false	false	1
UGT2B7	true	false	false	false	1
UGT2B10	true	false	false	false	1
UGT2B11	true	false	false	false	1
UGT2B15	true	false	false	false	1
UGT2B17	true	false	false	false	1
UGT2B28	true	false	false	false	1
UGT3A1	true	false	false	false	1
UHRF1BP1L	true	false	false	false	1
ULBP1	true	false	false	false	1
ULBP2	true	false	false	false	1
ULBP3	true	false	false	false	1
USP9X	true	false	false	false	1
USP17L1	true	false	false	false	1
USP17L2	true	false	false	false	1
USP17L3	true	false	false	false	1
USP17L4	true	false	false	false	1
USP17L5	true	false	false	false	1
USP17L7	true	false	false	false	1
USP17L8	true	false	false	false	1
USP17L10	true	false	false	false	1
USP17L11	true	false	false	false	1
USP17L12	true	false	false	false	1
USP17L13	true	false	false	false	1
USP17L15	true	false	false	false	1
USP17L17	true	false	false	false	1
USP17L18	true	false	false	false	1
USP17L19	true	false	false	false	1
USP17L20	true	false	false	false	1
USP17L21	true	false	false	false	1
USP17L22	true	false	false	false	1
USP17L28	true	false	false	false	1
USP26	true	false	false	false	1
UTF1	true	false	false	false	1
UTS2R	true	false	false	false	1
VMA21	true	false	false	false	1
VN1R2	true	false	false	false	1
VWDE	true	false	false	false	1
WBP11	true	false	false	false	1
WDR83	true	false	false	false	1
WDR83OS	true	false	false	false	1
WDR87	true	false	false	false	1
WDR97	true	false	false	false	1
WFDC6	true	false	false	false	1
WFDC10B	true	false	false	false	1
YJEFN3	true	false	false	false	1
YY2	true	false	false	false	1
ZBED2	true	false	false	false	1
ZBED5	true	false	false	false	1
ZBED8	true	false	false	false	1
ZC3H10	true	false	false	false	1
ZCWPW2	true	false	false	false	1
ZFY	true	false	false	false	1
ZFYVE16	true	false	false	false	1
ZGRF1	true	false	false	false	1
ZKSCAN3	true	false	false	false	1
ZMAT4	true	false	false	false	1
ZNF3	true	false	false	false	1
ZNF14	true	false	false	false	1
ZNF28	true	false	false	false	1
ZNF43	true	false	false	false	1
ZNF83	true	false	false	false	1
ZNF91	true	false	false	false	1
ZNF93	true	false	false	false	1
ZNF99	true	false	false	false	1
ZNF107	true	false	false	false	1
ZNF136	true	false	false	false	1
ZNF175	true	false	false	false	1
ZNF184	true	false	false	false	1
ZNF208	true	false	false	false	1
ZNF221	true	false	false	false	1
ZNF235	true	false	false	false	1
ZNF254	true	false	false	false	1
ZNF267	true	false	false	false	1
ZNF268	true	false	false	false	1
ZNF275	true	false	false	false	1
ZNF284	true	false	false	false	1
ZNF300	true	false	false	false	1
ZNF347	true	false	false	false	1
ZNF385A	true	false	false	false	1
ZNF416	true	false	false	false	1
ZNF429	true	false	false	false	1
ZNF490	true	false	false	false	1
ZNF493	true	false	false	false	1
ZNF506	true	false	false	false	1
ZNF568	true	false	false	false	1
ZNF585A	true	false	false	false	1
ZNF585B	true	false	false	false	1
ZNF600	true	false	false	false	1
ZNF616	true	false	false	false	1
ZNF624	true	false	false	false	1
ZNF626	true	false	false	false	1
ZNF653	true	false	false	false	1
ZNF670	true	false	false	false	1
ZNF679	true	false	false	false	1
ZNF681	true	false	false	false	1
ZNF683	true	false	false	false	1
ZNF699	true	false	false	false	1
ZNF707	true	false	false	false	1
ZNF709	true	false	false	false	1
ZNF710	true	false	false	false	1
ZNF716	true	false	false	false	1
ZNF718	true	false	false	false	1
ZNF726	true	false	false	false	1
ZNF729	true	false	false	false	1
ZNF780B	true	false	false	false	1
ZNF782	true	false	false	false	1
ZNF808	true	false	false	false	1
ZNF814	true	false	false	false	1
ZNF836	true	false	false	false	1
ZNF844	true	false	false	false	1
ZNF852	true	false	false	false	1
ZSCAN4	true	false	false	false	1
ZSCAN30	true	false	false	false	1
ZXDA	true	false	false	false	1
ZXDB	true	false	false	false	1
APOBEC3H	false	true	false	false	1
ARL17B	false	true	false	false	1
ASDURF	false	true	false	false	1
BEND2	false	true	false	false	1
C2orf16	false	true	false	false	1
C2orf92	false	true	false	false	1
C3orf49	false	true	false	false	1
C10orf95	false	true	false	false	1
C17orf114	false	true	false	false	1
C18orf63	false	true	false	false	1
CC2D2B	false	true	false	false	1
CCDC195	false	true	false	false	1
CCDC196	false	true	false	false	1
CFAP92	false	true	false	false	1
CNTNAP3C	false	true	false	false	1
CPAMD8	false	true	false	false	1
CSNK2A3	false	true	false	false	1
CT45A5	false	true	false	false	1
CT45A8	false	true	false	false	1
CTAG1B	false	true	false	false	1
CTAGE4	false	true	false	false	1
CTAGE6	false	true	false	false	1
CYP3A7	false	true	false	false	1
DCAF8L2	false	true	false	false	1
DEFB107A	false	true	false	false	1
DEFB108B	false	true	false	false	1
DEFB121	false	true	false	false	1
DEFB127	false	true	false	false	1
DEFB134	false	true	false	false	1
DERPC	false	true	false	false	1
DPEP2NB	false	true	false	false	1
DUX4	false	true	false	false	1
FAM90A16	false	true	false	false	1
FAM90A18	false	true	false	false	1
FAM236C	false	true	false	false	1
FAM237A	false	true	false	false	1
FAXDC2	false	true	false	false	1
FCRL4	false	true	false	false	1
FLG	false	true	false	false	1
FOXL3	false	true	false	false	1
GGTLC3	false	true	false	false	1
GOLGA8Q	false	true	false	false	1
GOLGA8R	false	true	false	false	1
GOLGA8S	false	true	false	false	1
GOLGA8T	false	true	false	false	1
GREP1	false	true	false	false	1
GUCA1ANB	false	true	false	false	1
H2AB3	false	true	false	false	1
H2AC8	false	true	false	false	1
H2AL3	false	true	false	false	1
H2BC7	false	true	false	false	1
H2BC8	false	true	false	false	1
H3-5	false	true	false	false	1
H3C3	false	true	false	false	1
H3C8	false	true	false	false	1
H4C5	false	true	false	false	1
H4C9	false	true	false	false	1
HBA1	false	true	false	false	1
HLA-DQB1	false	true	false	false	1
HNRNPCL4	false	true	false	false	1
HTD2	false	true	false	false	1
KRBOX1	false	true	false	false	1
KRBOX4	false	true	false	false	1
KRT6C	false	true	false	false	1
KRTAP1-4	false	true	false	false	1
KRTAP4-2	false	true	false	false	1
KRTAP4-4	false	true	false	false	1
KRTAP4-7	false	true	false	false	1
KRTAP4-16	false	true	false	false	1
KRTAP10-9	false	true	false	false	1
LGALS13	false	true	false	false	1
LGALS14	false	true	false	false	1
LGALS16	false	true	false	false	1
LIMS3	false	true	false	false	1
LIMS4	false	true	false	false	1
LRRC37A2	false	true	false	false	1
LRRC37B	false	true	false	false	1
MARCOL	false	true	false	false	1
MGAM2	false	true	false	false	1
MINDY4B	false	true	false	false	1
MMP24OS	false	true	false	false	1
MS4A4E	false	true	false	false	1
MSANTD5	false	true	false	false	1
MT-ND1	false	true	false	false	1
MT1HL1	false	true	false	false	1
NCBP2AS2	false	true	false	false	1
NDUFB1	false	true	false	false	1
NFILZ	false	true	false	false	1
NPY4R2	false	true	false	false	1
NUDT4B	false	true	false	false	1
OR2A1	false	true	false	false	1
OR2S2	false	true	false	false	1
OR2T2	false	true	false	false	1
OR4M2B	false	true	false	false	1
OR4N4C	false	true	false	false	1
OR4X1	false	true	false	false	1
OR5A2	false	true	false	false	1
OR5AC2	false	true	false	false	1
OR13C2	false	true	false	false	1
OR13C5	false	true	false	false	1
OR13C9	false	true	false	false	1
OR14I1	false	true	false	false	1
OR51L1	false	true	false	false	1
OR52B6	false	true	false	false	1
OR52E6	false	true	false	false	1
OR52N1	false	true	false	false	1
PIGBOS1	false	true	false	false	1
PLGLB2	false	true	false	false	1
PNMA6E	false	true	false	false	1
PNMA6F	false	true	false	false	1
PRAMEF9	false	true	false	false	1
PRDM7	false	true	false	false	1
PRR23D1	false	true	false	false	1
PRR23D2	false	true	false	false	1
PSG7	false	true	false	false	1
PTTG1IP2	false	true	false	false	1
PYDC2	false	true	false	false	1
RBMY1F	false	true	false	false	1
RSPH10B2	false	true	false	false	1
RTL8C	false	true	false	false	1
SAGE1	false	true	false	false	1
SDR42E2	false	true	false	false	1
SELENOV	false	true	false	false	1
SETSIP	false	true	false	false	1
SHLD3	false	true	false	false	1
SMIM32	false	true	false	false	1
SMIM39	false	true	false	false	1
SMIM40	false	true	false	false	1
SMIM43	false	true	false	false	1
SPDYE8	false	true	false	false	1
SPDYE9	false	true	false	false	1
SPDYE11	false	true	false	false	1
SPDYE13	false	true	false	false	1
SPDYE14	false	true	false	false	1
SPDYE15	false	true	false	false	1
SPDYE17	false	true	false	false	1
SPDYE21	false	true	false	false	1
SPINK9	false	true	false	false	1
SRRM5	false	true	false	false	1
SSX2	false	true	false	false	1
SSX4	false	true	false	false	1
STMP1	false	true	false	false	1
TCP11X1	false	true	false	false	1
THSD8	false	true	false	false	1
TMEM191B	false	true	false	false	1
TMEM250	false	true	false	false	1
TMEM271	false	true	false	false	1
TPSB2	false	true	false	false	1
TRAPPC2B	false	true	false	false	1
TRIM22	false	true	false	false	1
TUBA3C	false	true	false	false	1
TVP23C	false	true	false	false	1
UBE2L5	false	true	false	false	1
ZBED9	false	true	false	false	1
ZC3H11B	false	true	false	false	1
ZNF20	false	true	false	false	1
ZNF34	false	true	false	false	1
ZNF69	false	true	false	false	1
ZNF77	false	true	false	false	1
ZNF92	false	true	false	false	1
ZNF121	false	true	false	false	1
ZNF124	false	true	false	false	1
ZNF134	false	true	false	false	1
ZNF154	false	true	false	false	1
ZNF200	false	true	false	false	1
ZNF233	false	true	false	false	1
ZNF256	false	true	false	false	1
ZNF257	false	true	false	false	1
ZNF273	false	true	false	false	1
ZNF304	false	true	false	false	1
ZNF337	false	true	false	false	1
ZNF345	false	true	false	false	1
ZNF439	false	true	false	false	1
ZNF440	false	true	false	false	1
ZNF441	false	true	false	false	1
ZNF443	false	true	false	false	1
ZNF460	false	true	false	false	1
ZNF469	false	true	false	false	1
ZNF480	false	true	false	false	1
ZNF491	false	true	false	false	1
ZNF510	false	true	false	false	1
ZNF548	false	true	false	false	1
ZNF549	false	true	false	false	1
ZNF552	false	true	false	false	1
ZNF554	false	true	false	false	1
ZNF555	false	true	false	false	1
ZNF556	false	true	false	false	1
ZNF560	false	true	false	false	1
ZNF570	false	true	false	false	1
ZNF582	false	true	false	false	1
ZNF584	false	true	false	false	1
ZNF586	false	true	false	false	1
ZNF587B	false	true	false	false	1
ZNF627	false	true	false	false	1
ZNF669	false	true	false	false	1
ZNF674	false	true	false	false	1
ZNF678	false	true	false	false	1
ZNF680	false	true	false	false	1
ZNF700	false	true	false	false	1
ZNF705A	false	true	false	false	1
ZNF705D	false	true	false	false	1
ZNF723	false	true	false	false	1
ZNF738	false	true	false	false	1
ZNF747	false	true	false	false	1
ZNF749	false	true	false	false	1
ZNF763	false	true	false	false	1
ZNF772	false	true	false	false	1
ZNF792	false	true	false	false	1
ZNF793	false	true	false	false	1
ZNF837	false	true	false	false	1
ZNF878	false	true	false	false	1
ZNF891	false	true	false	false	1
c22orf45	false	false	true	false	1
ENST00000440429	false	false	true	false	1
ENST00000416759	false	false	true	false	1
ENST00000398976	false	false	true	false	1
ENST00000413098	false	false	true	false	1
LINC02073	false	false	true	false	1
ENST00000408895	false	false	true	false	1
ENST00000412222	false	false	true	false	1
ENST00000443383	false	false	true	false	1
ENST00000369474	false	false	true	false	1
ENST00000440128	false	false	true	false	1
ENST00000439540	false	false	true	false	1
ENST00000426719	false	false	true	false	1
LINC02370	false	false	true	false	1
ENST00000378936	false	false	true	false	1
ENST00000398830	false	false	true	false	1
ENST00000429826	false	false	true	false	1
ENST00000445321	false	false	true	false	1
ENST00000391613	false	false	true	false	1
ENST00000421885	false	false	true	false	1
ENST00000451773	false	false	true	false	1
ENST00000313693	false	false	true	false	1
ENST00000425314	false	false	true	false	1
ENST00000378537	false	false	true	false	1
ENST00000446051	false	false	true	false	1
ENST00000360706	false	false	true	false	1
ENST00000361187	false	false	true	false	1
ENST00000369468	false	false	true	false	1
ENST00000358421	false	false	true	false	1
ENST00000382514	false	false	true	false	1
ENST00000328030	false	false	true	false	1
ENST00000343077	false	false	true	false	1
ENST00000382641	false	false	true	false	1
ENST00000376812	false	false	true	false	1
ENST00000356354	false	false	true	false	1
ENST00000403504	false	false	true	false	1
PKP4-AS1	false	false	true	false	1
ENST00000295075	false	false	true	false	1
ENST00000375012	false	false	true	false	1
ENST00000380709	false	false	true	false	1
ENST00000376181	false	false	true	false	1
ENST00000372896	false	false	true	false	1
ENST00000379167	false	false	true	false	1
ENST00000375768	false	false	true	false	1
ENST00000318084	false	false	true	false	1
ENST00000326801	false	false	true	false	1
ENST00000382842	false	false	true	false	1
ENST00000398378	false	false	true	false	1
ENST00000258741	false	false	true	false	1
ENST00000382805	false	false	true	false	1
ACOXL-AS1	false	false	true	false	1
PCBP3-AS1	false	false	true	false	1
ENST00000315897	false	false	true	false	1
ENST00000377180	false	false	true	false	1
ENST00000391387	false	false	true	false	1
ENST00000360340	false	false	true	false	1
ENST00000379854	false	false	true	false	1
39326	false	false	false	true	1
AATBC	false	false	false	true	1
ABCB10	false	false	false	true	1
ABCC12	false	false	false	true	1
ABCC6	false	false	false	true	1
ABCD1P2	false	false	false	true	1
ABCD1P5	false	false	false	true	1
ABCD4	false	false	false	true	1
ABHD17A	false	false	false	true	1
ABHD17AP1	false	false	false	true	1
AC005042.4	false	false	false	true	1
AC005488.11	false	false	false	true	1
AC008132.13	false	false	false	true	1
AC008132.15	false	false	false	true	1
AC026271.5	false	false	false	true	1
AC027612.6	false	false	false	true	1
AC062028.1	false	false	false	true	1
AC083899.3	false	false	false	true	1
AC096670.3	false	false	false	true	1
AC111200.7	false	false	false	true	1
AC129778.2	false	false	false	true	1
AC138969.4	false	false	false	true	1
ACTR3B	false	false	false	true	1
ACVR1C	false	false	false	true	1
ADARB1	false	false	false	true	1
ADORA2A-AS1	false	false	false	true	1
AFF3	false	false	false	true	1
AGAP1	false	false	false	true	1
AGR3	false	false	false	true	1
AGT	false	false	false	true	1
AH9	false	false	false	true	1
AHRR	false	false	false	true	1
AL592528.1	false	false	false	true	1
AL772307.1	false	false	false	true	1
ALOX5	false	false	false	true	1
ANAPC1	false	false	false	true	1
ANKRD20A2P	false	false	false	true	1
ANKRD20A4P	false	false	false	true	1
ANKRD30BP1	false	false	false	true	1
ANKRD62P1-PARP4P3	false	false	false	true	1
ANXA8L1	false	false	false	true	1
APEH	false	false	false	true	1
APOE	false	false	false	true	1
APOL1	false	false	false	true	1
APPBP2	false	false	false	true	1
AQP12B	false	false	false	true	1
AQP7	false	false	false	true	1
AQP7P1	false	false	false	true	1
AQP7P2	false	false	false	true	1
AQP7P4	false	false	false	true	1
AR	false	false	false	true	1
AREG	false	false	false	true	1
ARHGAP11A	false	false	false	true	1
ARHGAP11B	false	false	false	true	1
ARHGAP15	false	false	false	true	1
ARHGAP42	false	false	false	true	1
ARHGEF34P	false	false	false	true	1
ARHGEF5	false	false	false	true	1
ARMC10P1	false	false	false	true	1
ASPM	false	false	false	true	1
ATP9B	false	false	false	true	1
BAGE2	false	false	false	true	1
BCRP7	false	false	false	true	1
BMPR1A	false	false	false	true	1
BOLA2	false	false	false	true	1
BOLL	false	false	false	true	1
BPIFA4P	false	false	false	true	1
BTNL10	false	false	false	true	1
BTNL2	false	false	false	true	1
BX255923.2	false	false	false	true	1
BZW1P2	false	false	false	true	1
C11orf80	false	false	false	true	1
LINC02897	false	false	false	true	1
MIR9-1HG	false	false	false	true	1
C21orf62-AS1	false	false	false	true	1
C2orf27A	false	false	false	true	1
CDRT15P10	false	false	false	true	1
CDRT15P5	false	false	false	true	1
CDRT15P14	false	false	false	true	1
CDRT15P3	false	false	false	true	1
C2orf78	false	false	false	true	1
C3orf36	false	false	false	true	1
CAPN1	false	false	false	true	1
CAPN10	false	false	false	true	1
KNL1	false	false	false	true	1
CASP12	false	false	false	true	1
CATSPER2	false	false	false	true	1
CBWD3	false	false	false	true	1
CBWD5	false	false	false	true	1
CBWD6	false	false	false	true	1
SGF29	false	false	false	true	1
CCDC127	false	false	false	true	1
CCDC74B	false	false	false	true	1
CCKAR	false	false	false	true	1
CCL18	false	false	false	true	1
CCL23	false	false	false	true	1
CCT8L2	false	false	false	true	1
CCZ1B	false	false	false	true	1
CD24	false	false	false	true	1
CD33	false	false	false	true	1
CD44	false	false	false	true	1
CD8B	false	false	false	true	1
CD96	false	false	false	true	1
CDH12	false	false	false	true	1
CDK5RAP2	false	false	false	true	1
CDRT15P1	false	false	false	true	1
CELSR2	false	false	false	true	1
CEP170	false	false	false	true	1
CEP170P1	false	false	false	true	1
CES5AP1	false	false	false	true	1
CFC1	false	false	false	true	1
CFC1B	false	false	false	true	1
CHRFAM7A	false	false	false	true	1
CHRM3	false	false	false	true	1
CHRNA7	false	false	false	true	1
CLEC10A	false	false	false	true	1
CMAHP	false	false	false	true	1
CNTNAP2	false	false	false	true	1
COMMD4	false	false	false	true	1
COPS7B	false	false	false	true	1
CORO1A	false	false	false	true	1
CRHR1	false	false	false	true	1
CROCC	false	false	false	true	1
CROCCP2	false	false	false	true	1
CSA7	false	false	false	true	1
CSH2	false	false	false	true	1
CSPG4	false	false	false	true	1
CT45A1	false	false	false	true	1
CT45A2	false	false	false	true	1
CT45A3	false	false	false	true	1
CTA-313A17.2	false	false	false	true	1
CTA-373H7.7	false	false	false	true	1
CTAGE16P	false	false	false	true	1
CTD-2514C3.1	false	false	false	true	1
CTD-2561J22.2	false	false	false	true	1
EOLA1	false	false	false	true	1
EOLA2	false	false	false	true	1
CXorf49B	false	false	false	true	1
CYP3A5	false	false	false	true	1
DDR2	false	false	false	true	1
DDX11	false	false	false	true	1
DDX11L1	false	false	false	true	1
DDX11L10	false	false	false	true	1
DDX11L16	false	false	false	true	1
DDX11L2	false	false	false	true	1
DDX11L5	false	false	false	true	1
DDX11L8	false	false	false	true	1
DDX11L9	false	false	false	true	1
DDX12P	false	false	false	true	1
DDX54	false	false	false	true	1
DEFA1B	false	false	false	true	1
DEFA3	false	false	false	true	1
DEFA4	false	false	false	true	1
DEFA5	false	false	false	true	1
DEFA6	false	false	false	true	1
DEFB103B	false	false	false	true	1
DEFB105A	false	false	false	true	1
DEFB109B	false	false	false	true	1
DEFB130A	false	false	false	true	1
DGCR6L	false	false	false	true	1
DHFRP1	false	false	false	true	1
DHRS4L2	false	false	false	true	1
DIXDC1	false	false	false	true	1
DNM1P46	false	false	false	true	1
DOC2GP	false	false	false	true	1
DPY19L2	false	false	false	true	1
DRD5	false	false	false	true	1
DRD5P2	false	false	false	true	1
DUSP22	false	false	false	true	1
DUSP7	false	false	false	true	1
DYNC1I2	false	false	false	true	1
E2F6	false	false	false	true	1
EBF1	false	false	false	true	1
ECHDC3	false	false	false	true	1
EIF2S2P4	false	false	false	true	1
EIF3A	false	false	false	true	1
EIF3CL	false	false	false	true	1
ELN	false	false	false	true	1
ADGRE4P	false	false	false	true	1
ER9	false	false	false	true	1
ERCC5	false	false	false	true	1
ESPN	false	false	false	true	1
F8A2	false	false	false	true	1
F8A3	false	false	false	true	1
FA136B1	false	false	false	true	1
FA136B2	false	false	false	true	1
FAM133CP	false	false	false	true	1
FAM156A	false	false	false	true	1
FAM182B	false	false	false	true	1
WASHC2A	false	false	false	true	1
FAM228A	false	false	false	true	1
FAM230B	false	false	false	true	1
FAM25G	false	false	false	true	1
FAM27E5	false	false	false	true	1
SHLD2P3	false	false	false	true	1
FAM3C	false	false	false	true	1
FAM3C2P	false	false	false	true	1
FAM66B	false	false	false	true	1
FAM72A	false	false	false	true	1
FAM72B	false	false	false	true	1
FAM72C	false	false	false	true	1
FAM72D	false	false	false	true	1
FAM74A1	false	false	false	true	1
FAM90A14	false	false	false	true	1
FAM90A22	false	false	false	true	1
FAM90A2P	false	false	false	true	1
FAM90A5P	false	false	false	true	1
FAM95B1	false	false	false	true	1
FANK1	false	false	false	true	1
FBXO25	false	false	false	true	1
FCGR1A	false	false	false	true	1
FCGR1BP	false	false	false	true	1
FCGR2B	false	false	false	true	1
FCGR3A	false	false	false	true	1
FCGR3B	false	false	false	true	1
FGF7	false	false	false	true	1
FGF7P2	false	false	false	true	1
FKBP6	false	false	false	true	1
FKBP9	false	false	false	true	1
FKBP9P1	false	false	false	true	1
LINC02076	false	false	false	true	1
FMNL1	false	false	false	true	1
FMO2	false	false	false	true	1
FOLH1B	false	false	false	true	1
FOXD4	false	false	false	true	1
FOXD4L4	false	false	false	true	1
FOXD4L5	false	false	false	true	1
FOXP2	false	false	false	true	1
FOXS1	false	false	false	true	1
FR7B	false	false	false	true	1
FRMPD2	false	false	false	true	1
FRMPD2B	false	false	false	true	1
FUT8	false	false	false	true	1
FXYD2	false	false	false	true	1
FZD8	false	false	false	true	1
GADD45G	false	false	false	true	1
GALNT10	false	false	false	true	1
GALT	false	false	false	true	1
GBX2	false	false	false	true	1
GG19P	false	false	false	true	1
GGT2	false	false	false	true	1
GGTLC2	false	false	false	true	1
GH2	false	false	false	true	1
CBLIF	false	false	false	true	1
GKAP1	false	false	false	true	1
GLG1	false	false	false	true	1
GLI2	false	false	false	true	1
GLRA1	false	false	false	true	1
GLRA4	false	false	false	true	1
GNB5	false	false	false	true	1
GOLGA8A	false	false	false	true	1
GOLGA8B	false	false	false	true	1
GOLGA8EP	false	false	false	true	1
ADGRF5	false	false	false	true	1
GPR33	false	false	false	true	1
GPR39	false	false	false	true	1
GPR42	false	false	false	true	1
ADGRG1	false	false	false	true	1
GPR89A	false	false	false	true	1
GPRIN2	false	false	false	true	1
GR13	false	false	false	true	1
GRAP	false	false	false	true	1
GRAPL	false	false	false	true	1
GRIN2C	false	false	false	true	1
GRIN3A	false	false	false	true	1
GSTT2B	false	false	false	true	1
GTF2H2	false	false	false	true	1
GTF2H2B	false	false	false	true	1
GTF2H2C	false	false	false	true	1
GTF2I	false	false	false	true	1
GTF2IP1	false	false	false	true	1
GTF2IRD2	false	false	false	true	1
GTF2IRD2P1	false	false	false	true	1
GTF3C2	false	false	false	true	1
GTF3C5	false	false	false	true	1
GUSBP2	false	false	false	true	1
GYPA	false	false	false	true	1
GYPB	false	false	false	true	1
GYPC	false	false	false	true	1
GYPE	false	false	false	true	1
GZMA	false	false	false	true	1
HAND1	false	false	false	true	1
HAR1A	false	false	false	true	1
HAR1B	false	false	false	true	1
HCP5	false	false	false	true	1
HERC2	false	false	false	true	1
HGS	false	false	false	true	1
HIC2	false	false	false	true	1
H2BC18	false	false	false	true	1
H4C15	false	false	false	true	1
HNRNPCP2	false	false	false	true	1
HR	false	false	false	true	1
HRH1	false	false	false	true	1
HS6ST1P1	false	false	false	true	1
HYDIN	false	false	false	true	1
HYDIN2	false	false	false	true	1
ICAM1	false	false	false	true	1
IGKV1-13	false	false	false	true	1
IGKV2-26	false	false	false	true	1
IGKV2-4	false	false	false	true	1
IGKV2D-10	false	false	false	true	1
IL9R	false	false	false	true	1
JAM3	false	false	false	true	1
KANK1	false	false	false	true	1
KANSL1	false	false	false	true	1
KCTD5	false	false	false	true	1
PCLAF	false	false	false	true	1
FAM30A	false	false	false	true	1
KIAA0319L	false	false	false	true	1
KIF18A	false	false	false	true	1
KIF26B	false	false	false	true	1
KIR3DL1	false	false	false	true	1
KIRREL1	false	false	false	true	1
KITLG	false	false	false	true	1
KLHL24	false	false	false	true	1
KMT2C	false	false	false	true	1
KRT16	false	false	false	true	1
KRT17	false	false	false	true	1
KRT17P4	false	false	false	true	1
KRT17P7	false	false	false	true	1
KRT41P	false	false	false	true	1
KRTAP5-6	false	false	false	true	1
LCT	false	false	false	true	1
LEPR	false	false	false	true	1
LILRB3	false	false	false	true	1
CYTOR	false	false	false	true	1
LINC00240	false	false	false	true	1
LINC00266-1	false	false	false	true	1
LINC00266-3	false	false	false	true	1
LINC00314	false	false	false	true	1
LINC00632	false	false	false	true	1
LINC00680	false	false	false	true	1
LINC00955	false	false	false	true	1
LINC01102	false	false	false	true	1
LMAN1L	false	false	false	true	1
LRPAP1	false	false	false	true	1
LRRC37A4P	false	false	false	true	1
LRRC58	false	false	false	true	1
LYPD1	false	false	false	true	1
MAL2	false	false	false	true	1
MALL	false	false	false	true	1
MAOA	false	false	false	true	1
MAPT	false	false	false	true	1
MCPH1	false	false	false	true	1
METTL15P1	false	false	false	true	1
MI1748-1	false	false	false	true	1
MI1748-2	false	false	false	true	1
MI1779	false	false	false	true	1
MI1790	false	false	false	true	1
MIR1229	false	false	false	true	1
MIR1302-10	false	false	false	true	1
MIR1302-11	false	false	false	true	1
MIR1302-2	false	false	false	true	1
MIR1537	false	false	false	true	1
MIR3136	false	false	false	true	1
MIR3911	false	false	false	true	1
MIR4322	false	false	false	true	1
MIR4465	false	false	false	true	1
MIR4487	false	false	false	true	1
MIR4530	false	false	false	true	1
MIR4649	false	false	false	true	1
MIR466	false	false	false	true	1
MIR4739	false	false	false	true	1
MIR4781	false	false	false	true	1
MIR4804	false	false	false	true	1
MIR5095	false	false	false	true	1
MIR572	false	false	false	true	1
MIR941-1	false	false	false	true	1
MIR941-2	false	false	false	true	1
MIR941-4	false	false	false	true	1
MIR941-5	false	false	false	true	1
MMP23A	false	false	false	true	1
MOXD2P	false	false	false	true	1
MPPE1	false	false	false	true	1
MRC1	false	false	false	true	1
MRGPRG	false	false	false	true	1
MRGPRG-AS1	false	false	false	true	1
MSI2	false	false	false	true	1
MST1	false	false	false	true	1
MST1L	false	false	false	true	1
MST1P2	false	false	false	true	1
MUC20	false	false	false	true	1
MYCNOS	false	false	false	true	1
MYH16	false	false	false	true	1
MYLK2	false	false	false	true	1
MYO7B	false	false	false	true	1
NANOGP8	false	false	false	true	1
NARF	false	false	false	true	1
NBEA	false	false	false	true	1
NBPF17P	false	false	false	true	1
NBPF8	false	false	false	true	1
NCF1	false	false	false	true	1
NCF1B	false	false	false	true	1
NCF1C	false	false	false	true	1
NCKAP5	false	false	false	true	1
NEK2	false	false	false	true	1
NEMF	false	false	false	true	1
NLN	false	false	false	true	1
NOMO3	false	false	false	true	1
NPAS3	false	false	false	true	1
NR1H2	false	false	false	true	1
NRXN3	false	false	false	true	1
NSF	false	false	false	true	1
NSUN5	false	false	false	true	1
NSUN5P1	false	false	false	true	1
NSUN5P2	false	false	false	true	1
NUDT4	false	false	false	true	1
NUTM2B	false	false	false	true	1
NUTM2D	false	false	false	true	1
OBSCN	false	false	false	true	1
OCLN	false	false	false	true	1
OCM	false	false	false	true	1
OPHN1	false	false	false	true	1
OPRM1	false	false	false	true	1
OR10A2	false	false	false	true	1
OR10D1P	false	false	false	true	1
OR10J8P	false	false	false	true	1
OR10R3P	false	false	false	true	1
OR10T1P	false	false	false	true	1
OR11H13P	false	false	false	true	1
OR11H5P	false	false	false	true	1
OR11H7	false	false	false	true	1
OR13D2P	false	false	false	true	1
OR1S1	false	false	false	true	1
OR2A13P	false	false	false	true	1
OR2A20P	false	false	false	true	1
OR2A4	false	false	false	true	1
OR2A42	false	false	false	true	1
OR2A5	false	false	false	true	1
OR2A7	false	false	false	true	1
OR2A9P	false	false	false	true	1
OR2T5	false	false	false	true	1
OR2W3	false	false	false	true	1
OR4A5	false	false	false	true	1
OR4C13	false	false	false	true	1
OR4C1P	false	false	false	true	1
OR4C46	false	false	false	true	1
OR4F21	false	false	false	true	1
OR4F4	false	false	false	true	1
OR4L1	false	false	false	true	1
OR4M1	false	false	false	true	1
OR4M2	false	false	false	true	1
OR4Q3	false	false	false	true	1
OR51A5P	false	false	false	true	1
OR51A8P	false	false	false	true	1
OR51P1P	false	false	false	true	1
OR52E2	false	false	false	true	1
OR52E3P	false	false	false	true	1
OR52J3	false	false	false	true	1
OR52P2P	false	false	false	true	1
OR5AL1	false	false	false	true	1
OR5AL2P	false	false	false	true	1
OR5AN2P	false	false	false	true	1
OR5B12	false	false	false	true	1
OR5H8	false	false	false	true	1
OR5J1P	false	false	false	true	1
OR5L2	false	false	false	true	1
OR6B3	false	false	false	true	1
OR6D1P	false	false	false	true	1
OR6K4P	false	false	false	true	1
OR6W1P	false	false	false	true	1
OR7D4	false	false	false	true	1
OR7E102P	false	false	false	true	1
OR7E91P	false	false	false	true	1
OR9M1P	false	false	false	true	1
OR9Q1	false	false	false	true	1
OTOP1	false	false	false	true	1
OTUD7A	false	false	false	true	1
OXGR1	false	false	false	true	1
PAIP1	false	false	false	true	1
PAK2	false	false	false	true	1
PARG	false	false	false	true	1
PARP4	false	false	false	true	1
PCD8X	false	false	false	true	1
PCD8Y	false	false	false	true	1
PCDH15	false	false	false	true	1
PCDHA2	false	false	false	true	1
PCDHA5	false	false	false	true	1
PCDHB10	false	false	false	true	1
PCDHB11	false	false	false	true	1
PCDHB12	false	false	false	true	1
PCDHB13	false	false	false	true	1
PCDHB14	false	false	false	true	1
PCDHB15	false	false	false	true	1
PCDHB6	false	false	false	true	1
PDCD4	false	false	false	true	1
PDCD6	false	false	false	true	1
PDE4DIP	false	false	false	true	1
PDGFD	false	false	false	true	1
PDPR	false	false	false	true	1
PDZD3	false	false	false	true	1
PDZK1P1	false	false	false	true	1
PGAM1P10	false	false	false	true	1
PHC1P1	false	false	false	true	1
PI4KA	false	false	false	true	1
PI4KAP2	false	false	false	true	1
PKD1	false	false	false	true	1
PLEKHA3	false	false	false	true	1
PLEKHM1	false	false	false	true	1
PLEKHM1P1	false	false	false	true	1
PMCHL2	false	false	false	true	1
PMP2	false	false	false	true	1
PMS2P5	false	false	false	true	1
POM121	false	false	false	true	1
POM121B	false	false	false	true	1
POM121L1P	false	false	false	true	1
POM121L4P	false	false	false	true	1
POMZP3	false	false	false	true	1
PON1	false	false	false	true	1
PPARG	false	false	false	true	1
PPIP5K1	false	false	false	true	1
PPIP5K2	false	false	false	true	1
PPP1R12B	false	false	false	true	1
PRDM2	false	false	false	true	1
PRIM2	false	false	false	true	1
PRKCB	false	false	false	true	1
PRKCH	false	false	false	true	1
PRKDC	false	false	false	true	1
PRM2	false	false	false	true	1
PTPN1	false	false	false	true	1
PTPN20	false	false	false	true	1
PVRIG	false	false	false	true	1
RAB21	false	false	false	true	1
RAB3A	false	false	false	true	1
RAB3B	false	false	false	true	1
RAB3IP	false	false	false	true	1
RANBP2	false	false	false	true	1
RASA4	false	false	false	true	1
RB13A	false	false	false	true	1
RB1CC1	false	false	false	true	1
RBM39	false	false	false	true	1
RFPL4A	false	false	false	true	1
RGS6	false	false	false	true	1
RIBC2	false	false	false	true	1
RIIAD1	false	false	false	true	1
RIMBP3B	false	false	false	true	1
RIMBP3C	false	false	false	true	1
RNASE3	false	false	false	true	1
RNF123	false	false	false	true	1
ROCK1	false	false	false	true	1
RP1-12G14.7	false	false	false	true	1
RP11-1018N14.2	false	false	false	true	1
RP11-1023L17.1	false	false	false	true	1
RP11-1212A22.1	false	false	false	true	1
RP11-122C21.1	false	false	false	true	1
RP11-1319K7.1	false	false	false	true	1
RP11-15J10.1	false	false	false	true	1
RP11-204M4.2	false	false	false	true	1
RP11-239H6.2	false	false	false	true	1
RP11-24M17.5	false	false	false	true	1
RP11-262H14.11	false	false	false	true	1
RP11-262H14.4	false	false	false	true	1
RP11-395L14.13	false	false	false	true	1
RP11-395L14.17	false	false	false	true	1
RP11-404K5.2	false	false	false	true	1
RP11-423H2.1	false	false	false	true	1
RP11-460N11.2	false	false	false	true	1
RP11-466P24.6	false	false	false	true	1
RP11-475I24.9	false	false	false	true	1
RP11-497H16.5	false	false	false	true	1
RP11-503N18.1	false	false	false	true	1
RP11-514P8.6	false	false	false	true	1
RP11-556K13.1	false	false	false	true	1
RP11-574E24.3	false	false	false	true	1
RP11-683L23.1	false	false	false	true	1
RP11-706O15.5	false	false	false	true	1
RP11-706O15.7	false	false	false	true	1
RP11-707M1.1	false	false	false	true	1
RP11-754I20.1	false	false	false	true	1
RP11-756P10.3	false	false	false	true	1
RP11-79C23.1	false	false	false	true	1
RP11-830F9.6	false	false	false	true	1
RP11-96J15.2	false	false	false	true	1
RP13-1039J1.2	false	false	false	true	1
RP13-395E19.3	false	false	false	true	1
RP13-507P19.2	false	false	false	true	1
RPL14P1	false	false	false	true	1
RPL15P3	false	false	false	true	1
RPL18AP8	false	false	false	true	1
RPL23AP53	false	false	false	true	1
RPL23AP82	false	false	false	true	1
RPL7P1	false	false	false	true	1
RPL7P9	false	false	false	true	1
RPS26P3	false	false	false	true	1
RPS26P6	false	false	false	true	1
RPS26P8	false	false	false	true	1
SAP30L	false	false	false	true	1
SC7	false	false	false	true	1
SCML4	false	false	false	true	1
SDHA	false	false	false	true	1
SDHAP1	false	false	false	true	1
SEC24C	false	false	false	true	1
SEC24D	false	false	false	true	1
SEMA5B	false	false	false	true	1
SERF1A	false	false	false	true	1
SERPINA13P	false	false	false	true	1
SFTPA1	false	false	false	true	1
SFTPA2	false	false	false	true	1
SFXN2	false	false	false	true	1
SH3PXD2A	false	false	false	true	1
SIGLEC11	false	false	false	true	1
SLC12A5	false	false	false	true	1
SLC13A1	false	false	false	true	1
SLC29A4	false	false	false	true	1
SLC29A4P1	false	false	false	true	1
SLC29A4P2	false	false	false	true	1
SLC4A1	false	false	false	true	1
SLC4A1AP	false	false	false	true	1
SLC6A13	false	false	false	true	1
SLC6A4	false	false	false	true	1
SLC7A6	false	false	false	true	1
SLC9B1P2	false	false	false	true	1
SLX1A	false	false	false	true	1
SLX1B	false	false	false	true	1
SLX1B-SULT1A4	false	false	false	true	1
SMAD5	false	false	false	true	1
SMN1	false	false	false	true	1
SMN2	false	false	false	true	1
SNORA12	false	false	false	true	1
SNX29	false	false	false	true	1
SPACA5B	false	false	false	true	1
SPAG5	false	false	false	true	1
SPANXA2-OT1	false	false	false	true	1
SPDYE1	false	false	false	true	1
SPDYE5	false	false	false	true	1
SPPL2B	false	false	false	true	1
SRGAP2	false	false	false	true	1
SRGAP2D	false	false	false	true	1
SRP9	false	false	false	true	1
SRP9P1	false	false	false	true	1
SSX1	false	false	false	true	1
SSX2B	false	false	false	true	1
ST6GAL2	false	false	false	true	1
STAG3	false	false	false	true	1
STAG3L1	false	false	false	true	1
STRA6	false	false	false	true	1
STRC	false	false	false	true	1
SULT1A1	false	false	false	true	1
SYT15	false	false	false	true	1
SYT2	false	false	false	true	1
TAS2R12P	false	false	false	true	1
TAS2R2P	false	false	false	true	1
TAS2R62P	false	false	false	true	1
TBC1D29P	false	false	false	true	1
TBC1D2B	false	false	false	true	1
TBC1D8B	false	false	false	true	1
TBX20	false	false	false	true	1
TCAF2	false	false	false	true	1
TCAF2P1	false	false	false	true	1
ELOA3P	false	false	false	true	1
TCF15	false	false	false	true	1
TCF7L2	false	false	false	true	1
TDG	false	false	false	true	1
TDH	false	false	false	true	1
TENM1	false	false	false	true	1
TENM3	false	false	false	true	1
TEX28	false	false	false	true	1
TEX28P1	false	false	false	true	1
TFCP2L1	false	false	false	true	1
THOC3	false	false	false	true	1
TIGIT	false	false	false	true	1
PRSS40A	false	false	false	true	1
TLK2	false	false	false	true	1
TLN1	false	false	false	true	1
TMEM128	false	false	false	true	1
TMEM14DP	false	false	false	true	1
TMEM183A	false	false	false	true	1
TMEM191A	false	false	false	true	1
TMEM236	false	false	false	true	1
TMEM254	false	false	false	true	1
TMPRSS11E	false	false	false	true	1
TNFRSF1B	false	false	false	true	1
TNFRSF9	false	false	false	true	1
TPD52L3	false	false	false	true	1
TPPP	false	false	false	true	1
TPTE	false	false	false	true	1
TPTE2	false	false	false	true	1
TRGV10	false	false	false	true	1
TRIM50	false	false	false	true	1
TRIM51FP	false	false	false	true	1
TRIM60	false	false	false	true	1
TYRL	false	false	false	true	1
UBC	false	false	false	true	1
UBE2Q2P1	false	false	false	true	1
UBTFL3	false	false	false	true	1
ULK4P3	false	false	false	true	1
UNC93B5	false	false	false	true	1
USP10	false	false	false	true	1
UTP11	false	false	false	true	1
VIPR1	false	false	false	true	1
VN1R3	false	false	false	true	1
WASHC1	false	false	false	true	1
WASH2P	false	false	false	true	1
WASH4P	false	false	false	true	1
WASH6P	false	false	false	true	1
CFAP251	false	false	false	true	1
WI2-1896O14.1	false	false	false	true	1
WWOX	false	false	false	true	1
ZDHHC11	false	false	false	true	1
ZDHHC11B	false	false	false	true	1
ZFC3H1	false	false	false	true	1
ZFP36L1	false	false	false	true	1
ZMYND11	false	false	false	true	1
ZNF271P	false	false	false	true	1
ZNF286A	false	false	false	true	1
ZNF322	false	false	false	true	1
ZNF322P1	false	false	false	true	1
ZNF355P	false	false	false	true	1
ZNF519	false	false	false	true	1
ZNF638	false	false	false	true	1
ZNF85	false	false	false	true	1
ZNF850	false	false	false	true	1
ZNF962P	false	false	false	true	1
